Project Name,Short Description,Active,Launch status,Overall Project Status,Schedule Status,RAG Status,Stage Gate Status (mirror),Status this month,Status last month,Other comments,Risk assessment,BU,Company,Category,Brand,Product code,BU project sponsor,Project leader,"Innovation members in project? (Inno, CI, R&D)",Start Date Baseline (mirror),Start Date,Launch Date Baseline (mirror),Launch Date,TTM (days),Pipeline,Expiration Date (mirror),Business Model,Target Market,Innovation_Segmentation,Typology,Exp.Rev. 24 months (M AED),Exp Rev 2025 (M AED),Exp Rev 2026 (M AED),Exp Rev 2027 (M AED),Exp Rev 2028 (M AED),Type of CI study (if need),Budget for CI study (M AED),Total Risk Score,Total Impact Score,Inno process,Gate 1 presentation,Gate 2 presentation,Gate 3 presentation,Gate 4 presentation,Gate 5 presentation,Created,Modified,Modified By
Angus Premium Line (beef burger & kabab),Use Angus beef in recipe,True,False,In progress,Executing as per plan or in advance,Green,0 Concept definition,RM availability,,,,Protein & Frozen,Nabil,Beef product,Nabil,,Hassan Elshahawy,Osama Abu Laila,No,5/14/2025,5/14/2025,6/30/2026,6/30/2026,412,Pipeline 2026,6/30/2028,B2C,Both,Superiority in Core,1 Core,,0.0,0.66,,,Dont need CI studies,0.0,0.0,0.0,,,,,,,8/14/2025 5:11 AM,4/23/2026 11:12 PM,Daniel Perez
Feed additives,"Specialized ingredients added in small amounts to enhance nutrition, improve efficiency, boost health, and support performance, playing a key role in optimizing livestock and poultry outcomes. Will be partnering with a third party to source the products.",True,False,In progress,Executing as per plan or in advance,Green,0 Concept definition,,,,,Flour & Feed,Feed,Feed,Agrivita,,Rajeswari Gopalan,Rajeswari Gopalan,Yes,04-01-2026,04-01-2026,06-01-2026,06-01-2026,61,Pipeline 2026,06-01-2028,B2B,Domestic,Sensory & Indulgent,1 Core,,0.0,0.0,,,,0.0,0.0,0.0,,,,,,,10-08-2025 06:37,4/23/2026 11:11 PM,Daniel Perez
24-97 ansari JR tempura chicken patty regular and spicy,Chicken patty coated with tempura,True,False,On hold,On hold,On hold,4 Launch,Revo mold manufacturing in progress,code creation in progress,,,Protein & Frozen,Nabil,Breaded,Nabil,,Hassan Elshahawy,Alaa Abdellatif,No,11/25/2024,11/25/2024,01-01-2026,01-01-2026,402,Pipeline 2026,01-02-2028,B2B,Both,Sensory & Indulgent,1 Core,,0.0,1.35,,,Dont need CI studies,0.0,0.0,0.0,,,,,,,08-10-2025 23:54,4/22/2026 4:38 AM,Daniel Perez
25-14 Aldahow cheddar jalapeno sambousik,Sambousik stuffed with cheddar jalapeno -FGF12471,True,True,Launched,Launched,Launched,4 Launch,wait customer feedback of the shared sample,,,,Protein & Frozen,Nabil,Appetizers,Nabil,,Hassan Elshahawy,Alaa Abdellatif,Yes,1/23/2025,1/23/2025,10-01-2025,10-01-2025,251,Pipeline 2025,10-02-2027,B2B,Export,Sensory & Indulgent,1 Core,,,0.06,,,Dont need CI studies,0.0,0.0,0.0,,,,,,,08-11-2025 00:04,4/14/2026 1:11 AM,Daniel Perez
25-15 buffalo burger - egypt beef burger,Pure beef burger,True,False,In progress,Delayed,Red,4 Launch,customer visit mid of sep-25 to finalize the products,,,,Protein & Frozen,Nabil,Beef product,Nabil,"FGF12488,FGF12489,FGF12490,FGF12491",Hassan Elshahawy,Alaa Abdellatif,No,1/15/2025,1/15/2025,01-01-2026,01-01-2026,351,Pipeline 2026,01-02-2028,B2B,Both,Sensory & Indulgent,1 Core,,0.0,0.6,,,Dont need CI studies,0.0,0.0,0.0,,,,,,,08-10-2025 23:56,4/22/2026 4:38 AM,Daniel Perez
25-16 Naifood group tempura chicken rings,molded chicken rings coated with tempura,True,False,On hold,On hold,On hold,0 Concept definition,wait customer feedback of the shared sample,,,,Protein & Frozen,Nabil,Breaded,Nabil,,Hassan Elshahawy,Alaa Abdellatif,Yes,03-03-2025,03-03-2025,09-08-2025,09-08-2025,189,Pipeline 2025,09-09-2027,B2B,Domestic,Sensory & Indulgent,1 Core,,,,,,Dont need CI studies,0.0,3.3,2.3,Evaluate with care possible a no go,,,,,,08-11-2025 00:05,4/23/2026 4:31 AM,Daniel Perez
25-19 Al Mona Restaurant Management Roast Chicken Patty Oval,Oval chicken grilled patty - FGF12463,True,True,Launched,Launched,Launched,4 Launch,,,,,Protein & Frozen,Nabil,Chicken product,Nabil,FGF12463,Hassan Elshahawy,Alaa Abdellatif,Yes,03-11-2025,03-11-2025,7/15/2025,7/15/2025,126,Pipeline 2025,7/16/2027,B2B,Domestic,Sensory & Indulgent,1 Core,,,0.05,,,Dont need CI studies,0.0,0.0,0.0,,,,,,,08-11-2025 03:49,4/14/2026 1:11 AM,Daniel Perez
25-32 ansari tempura burger 55g,chicken burger coated with tempura - FGF12459,True,True,Launched,Launched,Launched,4 Launch,,,,,Protein & Frozen,Nabil,Breaded,Nabil,FGF12459,Hassan Elshahawy,Alaa Abdellatif,Yes,3/31/2025,3/31/2025,5/25/2025,5/25/2025,55,Pipeline 2025,5/26/2027,B2B,Both,Sensory & Indulgent,1 Core,,,0.45,,,Dont need CI studies,0.0,0.0,0.0,,,,,,,08-11-2025 03:54,4/14/2026 1:11 AM,Daniel Perez
25-33 Nabil tempura burger 55g,chicken burger coated with tempura - FGF12458,True,True,Launched,Launched,Launched,4 Launch,,,,,Protein & Frozen,Nabil,Breaded,Nabil,FGF12458,Hassan Elshahawy,Alaa Abdellatif,Yes,3/30/2025,3/30/2025,5/26/2025,5/26/2025,57,Pipeline 2025,5/27/2027,B2B,Both,Sensory & Indulgent,1 Core,,,0.53,,,Dont need CI studies,0.0,0.0,0.0,,,,,,,08-11-2025 04:03,4/14/2026 1:11 AM,Daniel Perez
25-36 ansari cheese sticks,customers recipe of coating for cheese sticks,True,True,Launched,Launched,Launched,4 Launch,trial order received in Nov-25,,,,Protein & Frozen,Nabil,Breaded,Nabil,FGF12477,Hassan Elshahawy,Alaa Abdellatif,No,4/25/2025,4/25/2025,01-01-2026,01-01-2026,251,Pipeline 2026,01-02-2028,B2B,Domestic,Sensory & Indulgent,1 Core,,0.0,0.09,,,Dont need CI studies,0.0,0.0,0.0,,,,,,,08-11-2025 00:11,4/14/2026 1:11 AM,Daniel Perez
8-10 g Turkish Coffee Sachet,Turkish Coffee Sachet,True,False,Not started,Not started,Not started,0 Concept definition,,,,,Snacks,Abu Auf,Coffee,Abu Auf,,Rasha Ghali,Ali Khaled,No,12-01-2025,12-01-2025,07-01-2026,07-01-2026,212,Pipeline 2026,07-01-2028,B2C,Domestic,Superiority in Core,1 Core,,0.0,0.06,,,Dont need CI studies,0.0,0.0,0.0,,,,,,,11-07-2025 03:03,4/15/2026 1:21 AM,Daniel Perez
Abu Auf Chocolate Bars,195g and 45g Pistachio Kunafa Chocolate Bar,True,True,Launched,Launched,Launched,5 Review,,,,,Snacks,BMB,Chocolate,Abu Auf,"FG09339680220318,FG09339680220319,FG03058077000089,FG03058077000088,FG03058077000086,FG03058077000087",Hussein Safa,Noha El Shishiny,Yes,01-01-2024,01-01-2024,11/30/2024,11/30/2024,334,2023 + 2024,12-01-2026,B2B,Both,Sensory & Indulgent,2 Adjacent,6.0,3.8,2.0,,,,,1.2,3.5,Fast Track,,,,,,6/18/2025 12:35 AM,4/23/2026 4:35 AM,Daniel Perez
Abu Auf Dragee Pouches,"Launching 30g on the go dragee (pecan milk chocolate , pecan white chocolate, honeycomb marble chocolate, almond milk chocolate)",True,False,In progress,Delayed,Red,4 Launch,Project ready but commercial has not placed any order,,No sales recorded in Mar26.,,Snacks,BMB,Nuts,Abu Auf,"FG09339680220395,FG09339680220396,FG09339680220397,FG09339680220398",Hussein Safa,Noha El Shishiny,Yes,01-01-2025,01-01-2025,01-01-2026,01-01-2026,365,Pipeline 2025,01-02-2028,B2B,Both,Superiority in Core,1 Core,0.8,0.05,0.04,,,,,1.0,4.2,Fast Track,,,,,,4/30/2025 11:45 PM,4/23/2026 4:35 AM,Daniel Perez
Abu Auf Filled Biscuit Rolls,Launching 2 range of 150g pouch individually pillow packed biscuit filled with pistachio kunafa and speculoos kunafa enrobed in milk chocolate,True,True,Launched,Launched,Launched,5 Review,Only selling in Abu Auf retail but need to be extended to other channels,,Gate Stage 5,,Snacks,BMB,Biscuits,Abu Auf,"FG09339680220399,FG09339680220400",Hussein Safa,Noha El Shishiny,Yes,01-01-2025,01-01-2025,01-01-2026,06-02-2025,152,Pipeline 2025,06-03-2027,B2B,Both,Superiority in Core,1 Core,0.4,0.05,0.03,,,,,2.6,3.3,Full Process,,,,,,6/18/2025 12:38 AM,4/23/2026 4:35 AM,Daniel Perez
Abu Auf Pistachio Kunafa Baklawa,LTO - Ramadan Pistachio Kunafa Baklawa 400g Box,True,True,Launched,Launched,Launched,5 Review,,,AED 0.004 Mn sales,,Snacks,BMB,Baklawa,Abu Auf,FG09339681022045,Hussein Safa,Noha El Shishiny,Yes,02-03-2025,02-03-2025,3/31/2025,3/31/2025,56,Pipeline 2025,04-01-2027,B2B,Both,Sensory & Indulgent,2 Adjacent,0.1,0.07,0.09,,,,,1.0,4.3,Fast Track,,,,,,4/30/2025 11:44 PM,4/23/2026 4:35 AM,Daniel Perez
AGR-30kgPremium Golden Barley Grade 1,Product enhancement through renovating the existing Australian Barley to Premium One,True,True,Launched,Launched,Launched,4 Launch,,,On track,,Flour & Feed,Feed,Feed,Agrivita,GM200562,Rajeswari Gopalan,Rajeswari Gopalan,Yes,4/20/2025,4/20/2025,07-01-2025,07-01-2025,72,Pipeline 2025,07-02-2027,B2C,Domestic,Superiority in Core,1 Core,3.2,3.21,7.1,,,,,0.0,0.0,,,,,,,06-04-2025 06:00,4/14/2026 1:10 AM,Daniel Perez
Ahaa Falafel 1 KG,,True,False,Not started,Launched,Not started,0 Concept definition,,,,,Protein & Frozen,Nabil,Appetizers,Nabil,FGF12464,Hassan Elshahawy,Osama Abu Laila,Yes,12-01-2025,12-01-2025,02-01-2026,02-01-2026,62,Pipeline 2025,02-02-2028,B2C,Domestic,Middle Eastern Twist,1 Core,,0.0,0.0,,,Dont need CI studies,0.0,0.0,0.0,,,,,,,02-10-2026 01:16,4/23/2026 4:43 AM,Daniel Perez
Ahaa Falafel 300 gm,,True,False,Not started,Launched,Not started,0 Concept definition,,,,,Protein & Frozen,Nabil,Appetizers,Nabil,FGF12476,Hassan Elshahawy,Osama Abu Laila,Yes,12-01-2025,12-01-2025,02-01-2026,02-01-2026,62,Pipeline 2025,02-02-2028,B2C,Domestic,Middle Eastern Twist,1 Core,,0.0,0.0,,,Dont need CI studies,0.0,0.0,0.0,,,,,,,02-10-2026 01:20,4/23/2026 4:43 AM,Daniel Perez
Al Ain Foods - Frozen Mix Berry,"Extend into new flavors within frozen fruits - “Berries” (2nd biggest sub category within Frozen Veg) • Launch with 2 Variants – Blueberries/Mixed Berries (Segment Ranking: #1 Strawberry, #2: Mixed Berries, #3: Blueberries)",True,True,Launched,Launched,Launched,4 Launch,Not yet started,,,,CBD,Food,Food,Al Ain,AA5001554AA5001555,Omar Abbasi,Abdullah Aziz,Yes,5/15/2024,5/15/2024,1/31/2026,4/15/2026,700,Pipeline 2026,4/15/2028,B2C,Domestic,Superiority in Core,2 Adjacent,1.3,,0.7,0.8,,,,0.0,0.0,,,,,,,06-10-2025 03:31,4/28/2026 6:48 AM,Abdullah Aziz
Al Ain FPP (New Spicy Range),Launch 2 new variants in Frozen Protein - Spicy Flavor - Fillet & Spicy,True,False,In progress,Executing as per plan or in advance,Green,0 Concept definition,,,,,CBD,Food,FPP,Al Ain,AA5001575AA5001576AA5001577AA5001578AA5001579AA5001580AA5001581AA5001582AA5001583,Omar Abbasi,Abdullah Aziz,No,03-01-2025,03-01-2025,04-01-2026,5/16/2026,441,Pipeline 2026,5/16/2028,B2C,Domestic,Superiority in Core,2 Adjacent,1.0,0.0,0.5,0.6,,Dont need CI studies,0.0,0.0,0.0,,,,,,,1/15/2026 4:09 AM,4/28/2026 6:54 AM,Abdullah Aziz
Al Ain Glass Bottle Renovation 2.0,Al Ain Water Retail channel new secondary packaging for Glass bottle​,True,True,Launched,Launched,Launched,5 Review,,,,,CBD,Water,Water,Al Ain,AA3000518AA3000515AA3000462AA3000461AA3000464AA3000463AA3000511AA3000519AA3000520AA3000514AA3000512AA3000513AA3000516,Paul Oneill,Omar Abbasi,No,01-07-2024,01-07-2024,01-01-2025,01-01-2025,360,Pipeline 2025,01-02-2027,B2C,Domestic,Superiority in Core,1 Core,5.0,,,,,,,0.0,0.0,,,,,,,06-12-2025 04:37,4/23/2026 4:10 AM,Daniel Perez
Al Ain Glass Bottle SKU Extension (250/200 ml),Still and Sparkling Variant of 200ml Glass - range extension,True,True,Launched,Launched,Launched,4 Launch,,,,,CBD,Water,Water,Al Ain,AA3000532AA3000542AA3000543AA3000553AA3000554,Omar Abbasi,Jibran Arshad,Yes,01-07-2025,01-07-2025,1/15/2026,1/15/2026,373,Pipeline 2026,1/16/2028,B2C,Domestic,Superiority in Core,1 Core,1.0,0.38,1.0,1.2,,,,2.5,2.7,Evaluate with care possible a no go,,,,,,4/28/2025 3:58 AM,4/23/2026 5:46 AM,Daniel Perez
Al Ain Herbs & Spices Range,Launching a new range of Herbs & Spices under Al Ain Food,True,False,In progress,Executing as per plan or in advance,Amber,0 Concept definition,,,This is at concept stage,,CBD,Food,Spices,Al Ain,,Omar Abbasi,Hassan Iqbal Chaudhry,No,4/30/2026,4/30/2026,10/20/2026,10/20/2026,173,Pipeline 2026,10/20/2028,B2C,Domestic,Superiority in Core,2 Adjacent,,0.0,0.0,,,Dont need CI studies,0.0,0.0,0.0,,,,,,,1/14/2026 11:18 PM,4/14/2026 6:03 AM,Daniel Perez
Al Ain new sauces & condiments range,Al Ain new sauces & condiments range,True,False,In progress,Executing as per plan or in advance,Amber,1 Idea,Delivery delayed due to Strait of Hormuz disruption; revised dispatch from Pakistan on 15 April.,,,,CBD,Food,Sauces & Condiments,Al Ain,AA5001521AA5001522AA5001523AA5001524AA5001528AA5001529AA5001530AA5001531AA5001532AA5001533AA5001525AA5001526AA5001527AA5001534AA5001561AA5001562AA5001563AA5001564AA5001565AA5001566AA5001567AA5001568AA5001569AA5001591AA5001590,Omar Abbasi,Hassan Iqbal Chaudhry,Yes,4/21/2025,4/21/2025,05-07-2026,05-07-2026,381,Pipeline 2026,05-07-2028,B2C,Domestic,Superiority in Core,2 Adjacent,8.2,,3.5,4.4,,,,3.3,3.1,Full Process,,,,,,4/28/2025 3:58 AM,4/23/2026 4:10 AM,Daniel Perez
Al Ain Ramadan Pastries - LE (Limited Edition) - (Samosa),Al Ain Samosa In/ Out launch for Ramadan Season,True,True,Launched,Launched,Launched,5 Review,,,,,CBD,Food,Others,Al Ain,AA5001242AA5001243AA5001244AA5001239AA5001240AA5001241,Omar Abbasi,Abdullah Aziz,No,10-01-2024,10-01-2024,03-01-2025,03-01-2025,151,Pipeline 2025,03-02-2027,B2C,Domestic,Festive & Special (LTO),1 Core,0.2,,0.2,,,,,0.0,0.0,,,,,,,4/28/2025 3:58 AM,4/23/2026 4:10 AM,Daniel Perez
Al Ain Still Plain/Sparkling Plain & Flavored Water Cans,Sparkling water in Cans - 25 Sep: Launch a range of flavored & plain sparkling water in cans Still Cans in June. 250 ml can.,True,True,Launched,Launched,Launched,4 Launch,,,,,CBD,Water,Water,Al Ain,AA5001515AA5001516AA5001517AA5001535AA5001536AA5001537AA5001556AA5001557AA5001558,Paul Oneill,Omar Abbasi,Yes,5/18/2025,5/18/2025,9/30/2025,9/30/2025,135,Pipeline 2025,10-01-2027,B2C,Domestic,Better for You / ESG,2 Adjacent,1.5,0.23,1.5,1.7,,,,3.1,3.1,Full Process,,,,,,4/28/2025 3:58 AM,4/23/2026 5:49 AM,Daniel Perez
Al Ain Tomato Sauces,Tomato based sauces,True,True,Launched,Launched,Launched,5 Review,To Be Delisted,,,,CBD,Food,Tomato Paste,Al Ain,AA5000752AA5000753AA5000754AA5000755,Paul Oneill,Abdullah Aziz,Yes,09-01-2023,09-01-2023,05-01-2024,05-01-2024,243,2023 + 2024,05-02-2026,B2C,Domestic,Superiority in Core,2 Adjacent,0.1,,,,,,,0.0,0.0,,,,,,,4/28/2025 3:58 AM,4/23/2026 4:10 AM,Daniel Perez
Al Ain Value Added French Fries,"• Extend portfolio by launching new flavors & packaging formats in Value Added segments (49% contribution to French Fries category) • Launch with 3 Variants (Golden Long, Crispy & Curly) & 2 PPA (Crinkle Cut & Thin cut) • Net weight of 2kg with a stronger price index to competition",True,True,Launched,Launched,Launched,4 Launch,Not yet started,,,,CBD,Food,Food,Al Ain,AA5001545AA5001547AA5001548AA5001546AA5001544,Omar Abbasi,Abdullah Aziz,No,06-01-2025,06-01-2025,2/25/2026,2/25/2026,269,Pipeline 2026,2/26/2028,B2C,Domestic,Sensory & Indulgent,2 Adjacent,5.3,,2.8,3.1,,,,0.0,0.0,,,,,,,06-10-2025 03:26,4/23/2026 5:50 AM,Daniel Perez
Al Ain Water - Alkaline,Vitamin D & Omega shot: Launch fortified beverage in UAE with Infused technology to provide 100% of Vitamin D & Omega daily requirement in a one shot flavoured beverage,True,True,Launched,Launched,Launched,4 Launch,Not yet started,,,,CBD,Water,Water,Al Ain,AA3000548AA3000547AA3000546,Omar Abbasi,Omar Abbasi,Yes,11/15/2025,11/15/2025,1/19/2026,1/19/2026,65,Pipeline 2026,1/20/2028,B2C,Domestic,Better for You / ESG,2 Adjacent,3.1,0.0,1.5,1.6,,,0.0,0.0,0.0,,,,,,,1/14/2026 12:51 AM,4/23/2026 5:47 AM,Daniel Perez
Al Ain Water Filtration System,New vertical selling and servicing (with Culligan as partner) water Filtration systems in B2B and B2C,True,True,Launched,Launched,Launched,5 Review,,,,,CBD,Water,Water,Al Ain,AA5001005AA5000990AA5000995AA5001131AA5001272AA5001273AA5001313AA5001245AA5001006AA5001073AA5001055AA5001056AA5001057AA5001058AA5001059AA5001060AA5001061AA5001062AA5001063AA5001064AA5001065AA5001066AA5001067AA5001068AA5001069,Paul Oneill,Omar Abbasi,Yes,08-01-2023,08-01-2023,10-01-2024,10-01-2024,427,2023 + 2024,10-02-2026,B2C,Domestic,Superiority in Core,3 Disruptive,0.3,,,,,,,0.0,0.0,,,,,,,4/28/2025 3:58 AM,4/23/2026 4:10 AM,Daniel Perez
Al Faysal Fatayer - Fatayer and Tasbeerah,Fatayer and Tasbeerah new fillings/ formats,True,True,Launched,Launched,Launched,5 Review,,,,,CBD,Food,Bakery,Al Faysal,60036004,Paul Oneill,Abdullah Aziz,Yes,4/15/2024,4/15/2024,10/15/2024,10/15/2024,183,2023 + 2024,10/16/2026,B2C,Domestic,Superiority in Core,2 Adjacent,0.3,,,,,,,0.0,0.0,,,,,,,4/30/2025 11:38 PM,4/23/2026 4:10 AM,Daniel Perez
Al Faysal Long Shelf Cakes Range,"Al Faysal cakes new range​ - CakesMay • Stretch Al Faysal bakery into newer categories – Cakes in 2025 • Portfolio: Launch 11 SKUS within 5 segments (Cupcakes, Filled, Bear, Layered and Coated cakes) • Price parity to competition in cupcakes and filled, while incentive to consumer in Bear (Barni) and Coated (Galaxy/7days)",True,True,Launched,Launched,Launched,4 Launch,,,,,CBD,Food,Bakery,Al Faysal,9170917191729173917591789179918091819182918391849185918691879188918991909191,Paul Oneill,Abdullah Aziz,Yes,09-01-2024,09-01-2024,03-01-2025,03-01-2025,181,Pipeline 2025,03-02-2027,B2C,Domestic,Superiority in Core,2 Adjacent,1.9,0.1,0.8,1.0,,,,0.0,0.0,,,,,,,4/30/2025 11:37 PM,4/23/2026 4:10 AM,Daniel Perez
Al Wasmi Broiler Finisher MM4 18% pellet,"To develop specialized, nutritionally balanced feed solutions that directly support the breeding, rehabilitation, and release programs for the Houbara bustard and other native bird species, contributing to the UAE’s wildlife conservation vision",True,True,Launched,Launched,Launched,4 Launch,,,,,Flour & Feed,Feed,Feed,Agrivita,GM200564,Rajeswari Gopalan,Rajeswari Gopalan,Yes,08-01-2025,08-01-2025,10-01-2025,10-01-2025,61,Pipeline 2025,10-02-2027,B2C,Both,Superiority in Core,1 Core,1.4,0.28,1.1,,,Consumer inquiry,0.0,0.0,0.0,,,,,,,10-08-2025 06:05,4/14/2026 5:51 AM,Daniel Perez
Alchemy Project (premix),Exploring flour premix concentrates,True,False,In progress,Executing as per plan or in advance,Green,2 Explore,,,TBC,,Flour & Feed,Flour,Flour,Grand Mills,,Rajeswari Gopalan,Rajeswari Gopalan,Yes,10/15/2024,10/15/2024,6/30/2026,6/30/2026,623,Pipeline 2026,6/30/2028,B2C,Domestic,Better for You / ESG,2 Adjacent,,,,,,,,3.9,4.0,Full Process,,,,,,4/28/2025 4:01 AM,4/23/2026 11:11 PM,Daniel Perez
Alice - Beef burger 150 g,Broiler adapt beef patty,True,True,Launched,Launched,Launched,4 Launch,Code creation phase,,,,Protein & Frozen,Nabil,Beef product,QSR Private Label Key Account,FGF12496,Osama Abu Laila,Besan Al Shibi,Yes,11-10-2025,11-10-2025,01-06-2026,01-06-2026,57,Pipeline 2026,01-07-2028,B2B,Domestic,Sensory & Indulgent,1 Core,,0.0,0.04,,,Dont need CI studies,0.0,0.0,0.0,,,,,,,01-08-2026 00:51,4/14/2026 6:01 AM,Daniel Perez
Antibiotics,"Medicines used to treat or prevent bacterial infections in animals. They work by killing harmful bacteria or stopping their growth, helping animals recover faster and reducing disease spread. Will be partnering with a third party to source the products.",True,False,In progress,Executing as per plan or in advance,Green,0 Concept definition,,,,,Flour & Feed,Feed,Feed,Agrivita,,Rajeswari Gopalan,Rajeswari Gopalan,Yes,01-01-2026,01-01-2026,06-01-2026,06-01-2026,151,Pipeline 2026,06-01-2028,B2C,Domestic,Sensory & Indulgent,1 Core,,0.0,0.7,,,,0.0,0.0,0.0,,,,,,,10-08-2025 07:07,4/23/2026 11:11 PM,Daniel Perez
Appetizers,"Explore an appetizers line including samosas, spring role, onion rings, breaded cheese, corn dog and others by leveraging internal and external capabilities",True,False,Not started,Not started,Not started,0,,,,,Protein & Frozen,Atyab,FPP,Atyab,,Hassan Elshahawy,Abdelrahman Eldeeb,No,4/13/2026,4/13/2026,8/31/2026,8/31/2026,140,Pipeline 2026,8/31/2028,B2C,Domestic,Sensory & Indulgent,1 Core,,0.0,0.67,,,Dont need CI studies,0.0,0.0,0.0,,,,,,,04-03-2026 01:15,4/23/2026 4:41 AM,Daniel Perez
Arabic Coffee,"Explore Launching newer formats by expanding Arabic Coffee into Capsules, Instant and Travel bags",True,False,In progress,Executing as per plan or in advance,Launched,0 Concept definition,,,This is at concept stage,,CBD,Food,FPP,Al Ain,,Omar Abbasi,Abdullah Aziz,No,03-01-2025,03-01-2025,06-01-2026,06-01-2026,457,Pipeline 2026,06-01-2028,B2C,Domestic,Superiority in Core,2 Adjacent,,0.0,0.0,,,Dont need CI studies,0.0,0.0,0.0,,,,,,,1/15/2026 4:29 AM,4/23/2026 11:09 PM,Daniel Perez
Ashrafs - Cordon Bleu with Turkey roast and Cheddar cheese,,True,True,Launched,Launched,Launched,4 Launch,Code creation phase,,,,Protein & Frozen,Nabil,Chicken product,QSR Private Label Key Account,FGF12499,Osama Abu Laila,Besan Al Shibi,Yes,10/13/2025,10/13/2025,12/16/2025,12/16/2025,64,Pipeline 2025,12/17/2027,B2B,Export,Superiority in Core,1 Core,,0.0,,,,Dont need CI studies,0.0,0.0,0.0,,,,,,,01-08-2026 00:45,4/21/2026 2:16 AM,Daniel Perez
Atyab Chicken breaded chunks (FS),,True,True,Launched,Launched,Launched,5 Review,This product provided income this year but is now zero sales,,This product provided income this year but is now zero sales,,Protein & Frozen,Atyab,Breaded,Atyab,,Hassan Elshahawy,Mohamed Nabil,No,01-06-2024,01-06-2024,01-01-2025,01-01-2025,361,Pipeline 2025,01-02-2027,B2C,Domestic,Superiority in Core,1 Core,0.1,,,,,,,1.2,4.2,Fast Track,,,,,,5/13/2025 8:18 AM,4/23/2026 4:30 AM,Daniel Perez
Atyab Chicken breaded strips (FS),,True,True,Launched,Launched,Launched,5 Review,,,,,Protein & Frozen,Atyab,Breaded,Atyab,11490,Hassan Elshahawy,Mohamed Nabil,Yes,01-09-2024,01-09-2024,01-01-2025,01-01-2025,358,Pipeline 2025,01-02-2027,B2C,Domestic,Superiority in Core,1 Core,0.1,,,,,,,1.2,3.4,Fast Track,,,,,,5/13/2025 8:18 AM,4/23/2026 4:30 AM,Daniel Perez
Atyab Spicy breaded chicken strips (FS),,True,True,Launched,Launched,Launched,5 Review,,,,,Protein & Frozen,Atyab,Breaded,Atyab,11491,Hassan Elshahawy,Mohamed Nabil,Yes,01-09-2024,01-09-2024,01-01-2025,01-01-2025,358,Pipeline 2025,01-02-2027,B2C,Domestic,Superiority in Core,1 Core,0.1,,,,,,,1.2,3.4,Fast Track,,,,,,5/13/2025 8:19 AM,4/23/2026 4:30 AM,Daniel Perez
Atyab Strips,,True,True,Launched,Launched,Launched,4 Launch,dont have any data for this item,,,,Protein & Frozen,Atyab,Breaded,Atyab,,Hassan Elshahawy,Seif Rateb,No,01-01-2025,01-01-2025,9/30/2025,9/30/2025,272,Pipeline 2025,10-01-2027,B2C,Domestic,Sensory & Indulgent,1 Core,0.1,,,,,,,1.2,3.4,Fast Track,,,,,,5/13/2025 8:19 AM,4/23/2026 5:49 AM,Daniel Perez
Badshah Flour No.1 Wheat Flour,Optimized product formulation to offer a competitive product for the Tandoor channel. Launch new product with new packaging and communication.,True,True,Launched,Launched,Launched,4 Launch,,,On Track,,Flour & Feed,Flour,Flour,Grand Mills,GM250313,Rajeswari Gopalan,Rajeswari Gopalan,Yes,03-03-2024,03-03-2024,4/24/2025,4/24/2025,417,Pipeline 2025,4/25/2027,B2C,Domestic,Superiority in Core,1 Core,2.0,1.1,0.9,0.3,,,,0.0,0.0,,,,,,,4/30/2025 11:43 PM,4/14/2026 6:01 AM,Daniel Perez
Baked Breaded Line (Less fat),"Classic Portfolio (e.g., Nuggets, Pane, Strips) that is baked, not deep fried in the factory offering less fat as main claim",True,False,In progress,Executing as per plan or in advance,Green,0,Exploring Technical solutions (Baked Coating Systems) with Brata,,"Project Approved, pending Gate 2 Approval",,Protein & Frozen,Atyab,Breaded,Atyab,,Hassan Elshahawy,Renee Araujo,Yes,02-02-2026,02-02-2026,10/30/2026,10/30/2026,270,Pipeline 2026,10/30/2028,B2C,Domestic,Better for You / ESG,1 Core,,0.0,0.28,,,Market research,0.0,1.6,4.8,Fast Track,,,,,,03-05-2026 23:43,4/23/2026 11:12 PM,Daniel Perez
Baked Line (JOR),"2-3 SKUs | Classic Portfolio that is baked, not deep fried in the factory - No CAPEX)",True,False,In progress,Executing as per plan or in advance,Green,0,Kick off in March/26 but still without value contribution until feasibility is validated,,,,Protein & Frozen,Nabil,Breaded,Nabil,,Hassan Elshahawy,Renee Araujo,Yes,3/31/2026,3/31/2026,10/31/2026,10/31/2026,214,Pipeline 2026,10/31/2028,B2C,Domestic,Better for You / ESG,1 Core,,0.0,0.0,,,Dont need CI studies,0.0,0.0,0.0,,,,,,,04-01-2026 01:33,4/23/2026 11:12 PM,Daniel Perez
Baklawa Tin Cans DDF & Shop n Shop,Baklawa Tin Cans DDF & Shop n Shop,True,False,In progress,Executing as per plan or in advance,Amber,0,,,,,Snacks,BMB,Baklawa,Private Label,,Noha El Shishiny,Noha El Shishiny,No,10-01-2025,10-01-2025,06-01-2026,06-01-2026,243,Pipeline 2026,06-01-2028,B2C,Domestic,Middle Eastern Twist,1 Core,,0.0,2.0,,,Dont need CI studies,0.0,0.0,0.0,,,,,,,03-09-2026 07:23,4/14/2026 6:03 AM,Daniel Perez
Beef Bacon,optomization (replace meat cut),True,True,Launched,Launched,Launched,4 Launch,Under process.,,,,Protein & Frozen,Nabil,Cold Cuts,Nabil,WIP10010,Hassan Elshahawy,Osama Abu Laila,Yes,4/14/2025,4/14/2025,06-03-2025,06-03-2025,50,Pipeline 2025,06-04-2027,Both,Both,Sensory & Indulgent,1 Core,,,0.06,,,Dont need CI studies,0.0,0.0,0.0,,,,,,,08-11-2025 06:01,4/14/2026 6:01 AM,Daniel Perez
Beef franks 300 g,KSA origin - Zamil supplier,True,False,In progress,Executing as per plan or in advance,Green,0,PO stage,,,,Protein & Frozen,Nabil,Cold Cuts,Nabil,,Hassan Elshahawy,Osama Abu Laila,No,12/16/2025,12/16/2025,6/16/2026,6/16/2026,182,Pipeline 2026,6/16/2028,B2C,Export,Sensory & Indulgent,1 Core,,0.0,0.62,,,Dont need CI studies,0.0,0.0,0.0,,,,,,,3/26/2026 6:16 AM,4/23/2026 11:12 PM,Daniel Perez
Benefit shots / Sunshine shots,Vitamin D & Omega shot: Launch fortified beverage in UAE with Infused technology to provide 100% of Vitamin D & Omega daily requirement in a one shot flavoured beverage,True,False,In progress,Executing as per plan or in advance,Launched,0 Concept definition,Not yet started,,This at concept stage,,CBD,Water,Water,Al Ain,,Omar Abbasi,Omar Abbasi,Yes,10/22/2025,10/22/2025,05-11-2026,05-11-2026,201,Pipeline 2026,05-11-2028,B2C,Domestic,Better for You / ESG,2 Adjacent,,,,,,,,0.0,0.0,,,,,,,06-10-2025 01:55,4/23/2026 11:09 PM,Daniel Perez
Benoit Bavarian Cream (Dunkin Donuts),water based bavarian cream filling for QSR (dunkin donuts),True,True,Launched,Launched,Launched,5 Review,No sales reported for Mar26,,No sales reported for Mar26,,Snacks,BMB,Filling,Benoit,RM09009001000003,Hussein Safa,Noha El Shishiny,Yes,01-08-2024,01-08-2024,5/31/2024,5/31/2024,144,2023 + 2024,06-01-2026,B2B,Both,Sensory & Indulgent,1 Core,1.2,0.16,0.78,,,,,1.0,3.8,Fast Track,,,,,,4/28/2025 4:23 AM,4/23/2026 4:36 AM,Daniel Perez
Benoit Pistachio Kunafa Filling (Dunkin Donuts),Pistachio Kunafa Filling For Dunkin Donut,True,True,Launched,Launched,Launched,5 Review,,,,,Snacks,BMB,Filling,Benoit,RM09009001000032,Hussein Safa,Noha El Shishiny,Yes,03-03-2024,03-03-2024,12/31/2024,12/31/2024,303,2023 + 2024,01-01-2027,B2B,Both,Sensory & Indulgent,1 Core,1.1,0.55,0.6,,,,,1.0,4.6,Fast Track,,,,,,4/28/2025 4:23 AM,4/23/2026 4:36 AM,Daniel Perez
Biosecurity Solutions,"Biosecurity solutions are used to kill or reduce harmful microorganisms on farm surfaces, equipment, and facilities, helping prevent disease spread, maintain biosecurity, and protect animal health.",True,False,In progress,Executing as per plan or in advance,Green,0 Concept definition,,,,,Flour & Feed,Feed,Feed,Agrivita,,Rajeswari Gopalan,Rajeswari Gopalan,Yes,01-01-2026,01-01-2026,06-01-2026,06-01-2026,151,Pipeline 2026,06-01-2028,B2C,Domestic,Sensory & Indulgent,1 Core,4.2,0.0,2.1,2.1,,,0.0,0.0,0.0,,,,,,,10-08-2025 07:01,4/23/2026 11:11 PM,Daniel Perez
Biscuits Date,Biscuit Dates,True,True,Launched,Launched,Launched,5 Review,,,,,Snacks,Abu Auf,Biscuits,Abu Auf,"6223001690269,6223001690283,6223001690337",Rasha Ghali,Ali Khaled,No,04-01-2025,04-01-2025,07-01-2025,07-01-2025,91,Pipeline 2025,07-02-2027,B2C,Domestic,Superiority in Core,1 Core,,4.6,7.62,,,,0.0,0.0,0.0,,,,,,,08-08-2025 06:36,4/15/2026 1:22 AM,Daniel Perez
Breaded Chicken Chunks,"Breaded Chicken Chucks in 4 SKUs - Traditional, Buffalo, Chilli Lime and Chili Honey",True,True,Launched,Launched,Launched,4 Launch,,,,,Protein & Frozen,Atyab,Breaded,Atyab,11428,Hassan Elshahawy,Seif Rateb,No,05-01-2025,05-01-2025,08-01-2025,08-01-2025,92,Pipeline 2025,08-02-2027,B2C,Domestic,Sensory & Indulgent,1 Core,,,0.01,,,,,1.2,3.4,Fast Track,,,,,,4/28/2025 4:05 AM,4/23/2026 5:49 AM,Daniel Perez
Breaded Fish Fillet 1 KG,Raw FGT11194,True,False,On hold,Delayed,On hold,4 Launch,Force Majure status -The supplier in Bahrain stopped providing due to Financial Issues.,,,,Protein & Frozen,Nabil,Others,Nabil,,Hassan Elshahawy,Osama Abu Laila,No,5/21/2025,5/21/2025,10/16/2026,10/16/2026,513,Pipeline 2026,10/16/2028,B2B,Both,Sensory & Indulgent,1 Core,,,0.08,,,Dont need CI studies,0.0,0.0,0.0,,,,,,,8/14/2025 5:13 AM,4/15/2026 8:03 AM,Daniel Perez
Breaded Fish Finger 1 KG,Raw FGT11188,True,True,Launched,Launched,Launched,4 Launch,Waiting Customer Feedback.,,,,Protein & Frozen,Nabil,Others,Nabil,FGT11188,Hassan Elshahawy,Osama Abu Laila,Yes,5/21/2025,5/21/2025,10/16/2025,10/16/2025,148,Pipeline 2025,10/17/2027,B2C,Both,Sensory & Indulgent,1 Core,,,0.08,,,Dont need CI studies,0.0,0.0,0.0,,,,,,,10/19/2025 6:06 AM,4/14/2026 5:53 AM,Daniel Perez
Buffalo Pure Minced Beef Meat Roll 1 KG,Buffalo Pure Minced Beef Meat Roll 1 KG - FGF12446,True,True,Launched,Launched,Launched,5 Review,,,,,Protein & Frozen,Nabil,Beef product,Nabil,FGF12446,Hassan Elshahawy,Alaa Abdellatif,Yes,01-08-2025,01-08-2025,03-02-2025,03-02-2025,53,Pipeline 2025,03-03-2027,B2B,Both,Sensory & Indulgent,1 Core,,,0.27,,,,,1.0,3.6,Fast Track,,,,,,05-11-2025 04:36,4/14/2026 6:01 AM,Daniel Perez
Buffalo Sauce Breaded Chicken Chunks,,True,True,Launched,Launched,Launched,5 Review,,,,,Protein & Frozen,Atyab,Breaded,Atyab,11430,Hassan Elshahawy,Seif Rateb,No,1/15/2025,1/15/2025,09-01-2025,09-01-2025,229,Pipeline 2025,09-02-2027,B2C,Domestic,Superiority in Core,1 Core,,0.2,,,,Dont need CI studies,0.0,0.0,0.0,,,,,,,10/13/2025 5:50 AM,4/14/2026 6:01 AM,Daniel Perez
Buffalo Wings and Rings Plain Beef Julian,beef lean meat cut in Julian and marinated,True,True,Launched,Launched,Launched,4 Launch,,,,,Protein & Frozen,Nabil,Beef product,Nabil,FGF12472,Hassan Elshahawy,Osama Abu Laila,No,07-03-2025,07-03-2025,03-10-2026,03-10-2026,250,Pipeline 2026,03-10-2028,B2B,Both,Sensory & Indulgent,1 Core,,0.0,,,,Dont need CI studies,0.0,0.0,0.0,,,,,,,08-12-2025 06:41,4/14/2026 1:11 AM,Daniel Perez
Buffalo Wings and Rings Sliced Frankfurter Beef,frankurfter - premium- sliced for pizza topping,True,False,On hold,Delayed,On hold,4 Launch,RM Availability-Supply Chain,,,,Protein & Frozen,Nabil,Cold Cuts,Nabil,,Hassan Elshahawy,Osama Abu Laila,No,07-03-2025,07-03-2025,3/17/2026,3/17/2026,257,Pipeline 2026,3/17/2028,B2B,Both,Sensory & Indulgent,1 Core,,0.0,,,,Dont need CI studies,0.0,0.0,0.0,,,,,,,08-12-2025 06:40,4/14/2026 1:11 AM,Daniel Perez
Bun Flour,Optimized product formulation to offer a competitive product for the Bakery channel. Launch new product with new packaging and communication.,True,True,Launched,Launched,Launched,4 Launch,,,SKU developed specifically for a particular customer but currently no sales due to quality issues,,Flour & Feed,Flour,Flour,Grand Mills,GM250308,Rajeswari Gopalan,Rajeswari Gopalan,Yes,10-01-2024,10-01-2024,11-02-2024,11-02-2024,32,2023 + 2024,11-03-2026,B2C,Domestic,Superiority in Core,2 Adjacent,4.2,3.8,1.85,,,,,0.0,0.0,,,,,,,4/30/2025 11:43 PM,4/24/2026 12:00 AM,Azzah Nadersha
Cappuccino Vanilla & Mocha,Launching new variants of instant coffee sachets portfolio. Quality flavored cappuccino range with attractive packaging and affordable to consumers.,True,False,Not started,Not started,Not started,0 Concept definition,,,,,Snacks,Abu Auf,Coffee,Abu Auf,,Rasha Ghali,Ali Khaled,No,07-01-2025,07-01-2025,07-01-2026,07-01-2026,365,Pipeline 2026,07-01-2028,B2C,Domestic,Superiority in Core,1 Core,,0.0,0.71,,,Dont need CI studies,0.0,1.3,3.5,Fast Track,,,,,,7/21/2025 12:13 AM,4/15/2026 1:21 AM,Daniel Perez
Car Tissues,Explore expanding the Tissue range into newer formats,True,False,In progress,Executing as per plan or in advance,Green,0 Concept definition,,,This is at concept stage,,CBD,Food,FPP,Al Ain,,Omar Abbasi,Abdullah Aziz,Yes,03-01-2025,03-01-2025,06-01-2026,7/30/2026,516,Pipeline 2026,7/30/2028,B2C,Domestic,Superiority in Core,2 Adjacent,,0.0,0.0,,,Dont need CI studies,0.0,0.0,0.0,,,,,,,1/15/2026 4:29 AM,4/28/2026 6:53 AM,Abdullah Aziz
Catering x 4 SKUs ( 2 Pouches and 2 Tubs )x 500g Blend & Plain,New beldns for Catering channel to enable Abu auf penetration with a lower price than original recipe to be able to compete in this channel that is sizable ( 40% + from total Turksih coffee market),True,True,Launched,Launched,Launched,5 Review,,,,,Snacks,Abu Auf,Coffee,Abu Auf,"6223001690146,1000000040401,6223001690153,1000000040402",Rasha Ghali,Ali Khaled,No,02-01-2025,02-01-2025,06-01-2025,06-01-2025,120,Pipeline 2025,06-02-2027,B2C,Domestic,Superiority in Core,1 Core,,2.71,,,,,,3.2,2.5,Evaluate with care possible a no go,,,,,,05-06-2025 22:54,4/15/2026 1:22 AM,Daniel Perez
Chaheera - Buffalo chicken breast,Spicy marinade whole muscle chicken breast with buffalo coating,True,False,On hold,On hold,On hold,0 Concept definition,Send production trial sample for customer.,,,,Protein & Frozen,Nabil,Breaded,Nabil,,Hassan Elshahawy,Osama Abu Laila,Yes,09-02-2025,09-02-2025,11-02-2025,11-02-2025,61,Pipeline 2025,11-03-2027,B2B,Domestic,Sensory & Indulgent,1 Core,,,,,,Dont need CI studies,0.0,0.0,0.0,,,,,,,10-07-2025 05:53,4/22/2026 4:39 AM,Daniel Perez
Chaheera - Cooked crispy inner fillet 1 kg,Cooked seasoned marinated inner fillet with crispy coating,True,False,On hold,On hold,On hold,0 Concept definition,Send production trial sample for customer.,,,,Protein & Frozen,Nabil,Breaded,Nabil,,Hassan Elshahawy,Osama Abu Laila,Yes,09-02-2025,09-02-2025,10/20/2025,10/20/2025,48,Pipeline 2025,10/21/2027,B2B,Domestic,Sensory & Indulgent,1 Core,,,,,,Dont need CI studies,0.0,0.0,0.0,,,,,,,10-07-2025 05:59,4/22/2026 4:38 AM,Daniel Perez
Chaheera - Cooked spicy chicken tenderloin 1 kg,Cooked spicy marinated inner fillet with crispy coating,True,False,On hold,On hold,On hold,0 Concept definition,Send production trial sample for customer,,,,Protein & Frozen,Nabil,Breaded,Nabil,,Hassan Elshahawy,Osama Abu Laila,Yes,09-02-2025,09-02-2025,10/20/2025,10/20/2025,48,Pipeline 2025,10/21/2027,B2B,Domestic,Superiority in Core,1 Core,,,,,,Dont need CI studies,0.0,0.0,0.0,,,,,,,8/14/2025 5:14 AM,4/22/2026 4:38 AM,Daniel Perez
Chaheera - Musahab chicken patty 134 g,Seasoned reformed chicken meat with crunchy coating weight 147 g,True,False,On hold,On hold,On hold,0 Concept definition,Send production trial sample for customer.,,,,Protein & Frozen,Nabil,Breaded,Nabil,,Hassan Elshahawy,Osama Abu Laila,Yes,09-02-2025,09-02-2025,10/22/2025,10/22/2025,50,Pipeline 2025,10/23/2027,B2B,Domestic,Sensory & Indulgent,1 Core,,,,,,Dont need CI studies,0.0,0.0,0.0,,,,,,,10-07-2025 05:57,4/22/2026 4:38 AM,Daniel Perez
Chapatti Crunchy patty 1.1 Kg,Chapatti Crunchy patty 1.1 Kg -NP25-10 - FGF2428,True,True,Launched,Launched,Launched,5 Review,,,SKU Cancelled,,Protein & Frozen,Nabil,Breaded,Nabil,FGF12428,Hassan Elshahawy,Alaa Abdellatif,Yes,01-06-2025,01-06-2025,1/28/2025,1/28/2025,22,Pipeline 2025,1/29/2027,B2B,Domestic,Sensory & Indulgent,1 Core,,,0.59,,,,,0.0,0.0,,,,,,,05-11-2025 04:36,4/14/2026 1:10 AM,Daniel Perez
Chapatti spicy Crunchy patty 1.1 Kg,Chapatti spicy Crunchy patty 1.1 Kg NP25-11 - FGF12427,True,True,Launched,Launched,Launched,5 Review,,,SKU Cancelled,,Protein & Frozen,Nabil,Breaded,Nabil,FGF12427,Hassan Elshahawy,Alaa Abdellatif,Yes,10/20/2024,10/20/2024,1/28/2025,1/28/2025,100,Pipeline 2025,1/29/2027,B2B,Domestic,Sensory & Indulgent,1 Core,,,0.03,,,,,0.0,0.0,,,,,,,05-11-2025 04:36,4/14/2026 1:10 AM,Daniel Perez
Chapatti Tempura Chicken Burger 80 g,Formed chicken meat with tempura coating FGF12480,True,True,Launched,Launched,Launched,4 Launch,,,,,Protein & Frozen,Nabil,Breaded,Nabil,FGF12480,Hassan Elshahawy,Osama Abu Laila,Yes,8/31/2025,8/31/2025,10/22/2025,10/22/2025,52,Pipeline 2025,10/23/2027,B2C,Domestic,Sensory & Indulgent,1 Core,,,,,,Dont need CI studies,0.0,0.0,0.0,,,,,,,09-07-2025 01:24,4/14/2026 1:11 AM,Daniel Perez
Cheddar Balls 1 kg,Nabil​ - Cheddar Cheese Balls​,True,True,Launched,Launched,Launched,4 Launch,,,,,Protein & Frozen,Nabil,Breaded,Nabil,FGF12357,Hassan Elshahawy,Seif Rateb,Yes,01-01-2025,01-01-2025,12/31/2025,12/31/2025,364,Pipeline 2025,01-01-2028,B2C,Domestic,Sensory & Indulgent,2 Adjacent,,,0.07,,,,,1.3,3.6,Fast Track,,,,,,4/28/2025 4:05 AM,4/23/2026 5:49 AM,Daniel Perez
Cheese Balls,Introduce two new Cheese Balls to the FPP; Camembert & Cheddar Cheese Balls,True,False,In progress,Executing as per plan or in advance,Green,0,,,,,Protein & Frozen,Nabil,Breaded,Nabil,,Osama Abu Laila,Besan Al Shibi,No,1/28/2026,1/28/2026,4/30/2026,4/30/2026,92,Pipeline 2026,4/30/2028,Both,Domestic,Sensory & Indulgent,2 Adjacent,,0.0,0.7,,,Dont need CI studies,0.0,0.0,0.0,,,,,,,3/31/2026 3:46 AM,4/23/2026 11:12 PM,Daniel Perez
Cheese spring roll halloumi,FGF12443 USA market,True,True,Launched,Launched,Launched,4 Launch,Stopped Export to the distributor.,,,,Protein & Frozen,Nabil,Appetizers,Nabil,FGF11615,Hassan Elshahawy,Osama Abu Laila,Yes,1/16/2025,1/16/2025,2/20/2025,2/20/2025,35,Pipeline 2025,2/21/2027,B2C,Export,Middle Eastern Twist,1 Core,,,,,,Dont need CI studies,0.0,0.0,0.0,,,,,,,08-11-2025 06:06,4/14/2026 1:11 AM,Daniel Perez
Cheesy Strips,Nabil​- Cheesy Chicken Strips​,True,True,Launched,Launched,Launched,4 Launch,,,,,Protein & Frozen,Nabil,Breaded,Nabil,FGF12328,Hassan Elshahawy,Seif Rateb,Yes,01-01-2025,01-01-2025,12/31/2025,12/31/2025,364,Pipeline 2025,01-01-2028,B2C,Domestic,Sensory & Indulgent,1 Core,,,0.05,,,,,1.0,3.9,Fast Track,,,,,,4/28/2025 4:05 AM,4/23/2026 4:31 AM,Daniel Perez
Chicken Mortadella With Black Pepper 2.5 KG - Iraq,Chicken Mortadella With Black Pepper 2.5 KG - Iraq,True,True,Launched,Launched,Launched,5 Review,This product provided income this year but is now zero sales.,,This product provided income this year but is now zero sales,,Protein & Frozen,Nabil,Breaded,Nabil,,Hassan Elshahawy,Osama Abu Laila,Yes,04-08-2025,04-08-2025,6/25/2025,6/25/2025,78,Pipeline 2025,6/26/2027,B2C,Export,Sensory & Indulgent,1 Core,,,,,,,,0.0,0.0,,,,,,,5/13/2025 8:41 AM,4/14/2026 1:10 AM,Daniel Perez
Chicken Mortadella With Olives 2.5 KG - Iraq,Chicken Mortadella With Olives 2.5 KG - Iraq,True,True,Launched,Launched,Launched,5 Review,This product provided income this year but is now zero sales.,,This product provided income this year but is now zero sales,,Protein & Frozen,Nabil,Breaded,Nabil,,Hassan Elshahawy,Osama Abu Laila,Yes,04-08-2025,04-08-2025,6/25/2025,6/25/2025,78,Pipeline 2025,6/26/2027,B2C,Export,Sensory & Indulgent,1 Core,,,,,,,,0.0,0.0,,,,,,,5/13/2025 8:41 AM,4/14/2026 1:10 AM,Daniel Perez
Chicken Mortadella With Vegetables 2.5 KG - Iraq,Chicken Mortadella With Vegetables 2.5 KG - Iraq,True,True,Launched,Launched,Launched,5 Review,This product provided income this year but is now zero sales.,,This product provided income this year but is now zero sales,,Protein & Frozen,Nabil,Breaded,Nabil,,Hassan Elshahawy,Osama Abu Laila,Yes,04-08-2025,04-08-2025,6/25/2025,6/25/2025,78,Pipeline 2025,6/26/2027,B2C,Export,Sensory & Indulgent,1 Core,,,,,,,,0.0,0.0,,,,,,,5/13/2025 8:41 AM,4/14/2026 1:10 AM,Daniel Perez
Chickitita Bone In,,True,True,Launched,Launched,Launched,4 Launch,,,,,Protein & Frozen,Atyab,Breaded,Chikitita,,Hassan Elshahawy,Seif Rateb,No,01-03-2025,01-03-2025,06-01-2025,06-01-2025,149,Pipeline 2025,06-02-2027,B2C,Domestic,Superiority in Core,1 Core,,,,,,,,0.0,0.0,,,,,,,5/13/2025 8:19 AM,4/23/2026 5:49 AM,Daniel Perez
Chickitita Drumsticks,,True,True,Launched,Launched,Launched,5 Review,,,,,Protein & Frozen,Atyab,Breaded,Chikitita,41612,Hassan Elshahawy,Seif Rateb,No,01-06-2024,01-06-2024,01-01-2025,01-01-2025,361,Pipeline 2025,01-02-2027,B2C,Domestic,Superiority in Core,1 Core,,,2.2,,,,,0.0,0.0,,,,,,,5/13/2025 8:19 AM,4/23/2026 4:30 AM,Daniel Perez
Chickitita Luncheon,,True,True,Launched,Launched,Launched,5 Review,,,,,Protein & Frozen,Atyab,Cold Cuts,Chikitita,41825,Hassan Elshahawy,Seif Rateb,Yes,01-09-2024,01-09-2024,01-01-2025,01-01-2025,358,Pipeline 2025,01-02-2027,B2C,Domestic,Superiority in Core,1 Core,,,0.7,,,,,0.0,0.0,,,,,,,5/13/2025 8:19 AM,4/23/2026 4:30 AM,Daniel Perez
Chickitita Spicy Drumsticks,,True,True,Launched,Launched,Launched,5 Review,,,This product provided income this year but is now zero sales,,Protein & Frozen,Atyab,Breaded,Chikitita,41613,Hassan Elshahawy,Seif Rateb,Yes,01-06-2024,01-06-2024,01-01-2025,01-01-2025,361,Pipeline 2025,01-02-2027,B2C,Domestic,Superiority in Core,1 Core,,,,,,,,0.0,0.0,,,,,,,5/13/2025 8:19 AM,4/23/2026 4:30 AM,Daniel Perez
Chili Lime Breaded Chicken Chunks,,True,True,Launched,Launched,Launched,5 Review,,,,,Protein & Frozen,Atyab,Breaded,Atyab,11429,Hassan Elshahawy,Seif Rateb,No,1/15/2025,1/15/2025,09-01-2025,09-01-2025,229,Pipeline 2025,09-02-2027,B2C,Domestic,Superiority in Core,1 Core,,0.2,,,,Dont need CI studies,0.0,0.0,0.0,,,,,,,10/13/2025 5:46 AM,4/14/2026 1:12 AM,Daniel Perez
"Chixter - Spicy chicken whole muscle (pops, chunks, nuggets, strips & fillet)",Spicy marinated whole muscle chicken breast with different sizes,True,False,On hold,On hold,On hold,0 Concept definition,High price,,,,Protein & Frozen,Nabil,Chicken product,Nabil,,Hassan Elshahawy,Osama Abu Laila,Yes,9/24/2025,9/24/2025,12/18/2025,12/18/2025,85,Pipeline 2025,12/19/2027,B2B,Both,Sensory & Indulgent,1 Core,,,,,,Dont need CI studies,0.0,0.0,0.0,,,,,,,10-07-2025 06:12,4/22/2026 4:38 AM,Daniel Perez
Chocolate Dome Pouch Duty Free,Chocolate Dome Pouch Duty Free,True,False,In progress,Executing as per plan or in advance,Red,0,,,,,Snacks,BMB,Chocolate,Private Label,,Noha El Shishiny,Noha El Shishiny,Yes,09-01-2025,09-01-2025,04-01-2026,04-01-2026,212,Pipeline 2026,04-01-2028,B2C,Domestic,Sensory & Indulgent,1 Core,,0.0,0.5,,,Dont need CI studies,0.0,0.0,0.0,,,,,,,03-09-2026 07:21,4/14/2026 1:13 AM,Daniel Perez
Chopped Flavored Date Candy,Dates coated with candy flavors,True,False,In progress,Executing as per plan or in advance,Green,2 Explore,"Marketing to confirm packaging decisions (size, format, etc.)",Samples approved. Moving to artwork and BOM creation,Gate 1 Testing Revenue: AED 0.1 Mn,,Snacks,Al Foah,Dates,Date Crown,,Basma Youssef,Basma Youssef,Yes,2/28/2026,2/28/2026,09-01-2026,8/31/2026,184,Pipeline 2026,8/31/2028,B2C,Export,Sensory & Indulgent,3 Disruptive,,0.0,2.0,,,Dont need CI studies,0.0,3.5,3.6,Full Process,/:p:/r/sites/pwa/growthlabpmo/Shared%20Documents/Al%20Foah/Date%20Crown/Gate%201/January%202026/0602_DC%20Date%20Candy_Gate%201_v1.pptx?d=we7f270d37f564183872e6b421b41e5cd&csf=1&web=1&e=M7b16B,,,,,02-06-2026 07:14,05-04-2026 04:23,Siddharth Matripragada
Chunks Line Extension (Lava Bites),Chunks line extension with powder/sauce sachet & red breadcrumbs coating. Lava bites,True,False,In progress,Executing as per plan or in advance,Green,0,Developing Coating and powder sachet supplier,,"Project Approved, pending Gate 2 Approval",,Protein & Frozen,Atyab,Breaded,Atyab,,Hassan Elshahawy,Renee Araujo,Yes,02-02-2026,02-02-2026,6/30/2026,6/30/2026,148,Pipeline 2026,6/30/2028,B2C,Domestic,Sensory & Indulgent,1 Core,,0.0,0.5,,,Dont need CI studies,0.0,1.3,4.5,Fast Track,,,,,,03-05-2026 23:36,4/23/2026 11:12 PM,Daniel Perez
Cold Cuts (Beef Bacon),,True,True,Launched,Launched,Launched,5 Review,This product provided income this year but is now zero sales,This product provided income this year but is now zero sales,This product provided income this year but is now zero sales,,Protein & Frozen,Atyab,Cold Cuts,Atyab,21671,Hassan Elshahawy,Seif Rateb,No,10-01-2024,10-01-2024,12/31/2024,12/31/2024,91,2023 + 2024,01-01-2027,B2C,Domestic,Superiority in Core,1 Core,0.1,,,,,,,1.5,4.0,Fast Track,,,,,,5/13/2025 9:05 AM,4/23/2026 4:30 AM,Daniel Perez
Cold Cuts (Press Beef),,True,True,Launched,Launched,Launched,5 Review,This product provided income this year but is now zero sales,,,,Protein & Frozen,Atyab,Cold Cuts,Atyab,21663,Hassan Elshahawy,Seif Rateb,No,10-01-2024,10-01-2024,01-01-2025,01-01-2025,92,Pipeline 2025,01-02-2027,B2C,Domestic,Superiority in Core,1 Core,0.1,,,,,,,1.5,4.0,Fast Track,,,,,,5/13/2025 8:19 AM,4/23/2026 4:30 AM,Daniel Perez
Cold Cuts (Roast Beef),,True,True,Launched,Launched,Launched,5 Review,This product provided income this year but is now zero sales,This product provided income this year but is now zero sales,This product provided income this year but is now zero sales,,Protein & Frozen,Atyab,Cold Cuts,Atyab,21664,Hassan Elshahawy,Seif Rateb,No,10-01-2024,10-01-2024,01-01-2025,01-01-2025,92,Pipeline 2025,01-02-2027,B2C,Domestic,Superiority in Core,1 Core,0.1,,,,,,,1.5,4.0,Fast Track,,,,,,5/13/2025 8:19 AM,4/23/2026 4:30 AM,Daniel Perez
Cold Cuts (Roast Turkey),,True,True,Launched,Launched,Launched,5 Review,This product provided income this year but is now zero sales,This product provided income this year but is now zero sales,This product provided income this year but is now zero sales,,Protein & Frozen,Atyab,Cold Cuts,Atyab,21670,Hassan Elshahawy,Seif Rateb,No,10-01-2024,10-01-2024,01-01-2025,01-01-2025,92,Pipeline 2025,01-02-2027,B2C,Domestic,Superiority in Core,1 Core,0.1,,,,,,,1.5,4.0,Fast Track,,,,,,5/13/2025 8:19 AM,4/23/2026 4:30 AM,Daniel Perez
Cold Cuts (Turkey Lobes),,True,True,Launched,Launched,Launched,5 Review,This product provided income this year but is now zero sales,This product provided income this year but is now zero sales,This product provided income this year but is now zero sales,,Protein & Frozen,Atyab,Cold Cuts,Atyab,21672,Hassan Elshahawy,Seif Rateb,No,10-01-2024,10-01-2024,01-01-2025,01-01-2025,92,Pipeline 2025,01-02-2027,B2C,Domestic,Superiority in Core,1 Core,0.1,,0.18,,,,,1.5,4.0,Fast Track,,,,,,5/13/2025 8:19 AM,4/23/2026 4:30 AM,Daniel Perez
Cooked Jalapeno Crispy Chicken Patty 1.12 KG,Cooked Jalapeno Crispy Chicken Patty 1.12 KG FGF12462,True,True,Launched,Launched,Launched,4 Launch,This product provided income this year but is now zero sales,,Jalapeno batter out of stock. This product provided income this year but is now zero sales,,Protein & Frozen,Nabil,Breaded,Nabil,FGF12462,Hassan Elshahawy,Osama Abu Laila,Yes,05-12-2025,05-12-2025,6/25/2025,6/25/2025,44,Pipeline 2025,6/26/2027,B2C,Both,Sensory & Indulgent,1 Core,,,,,,Dont need CI studies,0.0,0.0,0.0,,,,,,,7/14/2025 11:13 AM,4/14/2026 1:11 AM,Daniel Perez
Crunchy Line (JOR),"New range for Chicken Products to diversify the portfolio with different coatings (Tortilla, Rice Flour etc.)",True,False,In progress,Executing as per plan or in advance,Green,0,,,,,Protein & Frozen,Nabil,Breaded,Nabil,,Hassan Elshahawy,Renee Araujo,Yes,3/31/2026,3/31/2026,10/31/2026,10/31/2026,214,Pipeline 2026,10/31/2028,B2C,Domestic,Sensory & Indulgent,1 Core,,0.0,0.16,,,Dont need CI studies,0.0,0.0,0.0,,,,,,,04-01-2026 01:18,4/23/2026 11:12 PM,Daniel Perez
Date Candy - Pvt Label (Daddl),date candy,True,True,Launched,Launched,Launched,4 Launch,Launched,,Launched,,Snacks,BMB,Confectionary,Private Label,"FG03058077000203,FG03058077000204,FG03058077000205,FG03058077000206,FG03058077000207,FG03058077000208,FG03058077000209,FG03058077000210,FG03058077000211,FG03058077000212,FG03058077000213,FG03058077000214,FG09339681022158",Hussein Safa,Noha El Shishiny,Yes,07-01-2025,07-01-2025,1/31/2026,1/31/2026,214,Pipeline 2026,02-01-2028,B2C,Domestic,Better for You / ESG,3 Disruptive,1.5,,1.5,,,Dont need CI studies,0.0,2.0,4.4,Fast Track,,,,,,9/26/2025 12:23 AM,4/23/2026 5:46 AM,Daniel Perez
Date Spread,Better for you date spread,True,True,Launched,Launched,Launched,5 Review,,,,,Snacks,Abu Auf,Dates,Abu Auf,"6223011438745,6223011438752,6223001690894,6223001690900",Rasha Ghali,Nada Magdy,No,01-01-2025,01-01-2025,10-01-2025,10-01-2025,273,Pipeline 2025,10-02-2027,B2C,Domestic,Superiority in Core,2 Adjacent,,0.08,0.5,,,,,0.0,0.0,,,,,,,05-06-2025 22:54,4/15/2026 1:20 AM,Daniel Perez
Date Syrup (Brazil) - 400g,Date Syrup in Brazil,True,True,Launched,Launched,Launched,4 Launch,Launched in Brazil,,Gate 3 Granularity at Month and Month not available at the moment,,Snacks,Al Foah,Ingredients,Date Crown,,Basma Youssef,Basma Youssef,,09-01-2025,09-01-2025,04-01-2026,04-01-2026,212,Pipeline 2026,04-01-2028,B2C,Domestic,Better for You / ESG,1 Core,0.0,0.0,0.6,,,Dont need CI studies,0.0,3.2,3.9,Full Process,,,/:b:/r/sites/pwa/growthlabpmo/Shared%20Documents/Al%20Foah/Date%20Crown/Gate%203/400g%20Syrup%20(Brazil)%20Gate%203.pdf?csf=1&web=1&e=bLmoR6,,,10-02-2025 22:45,4/23/2026 5:47 AM,Daniel Perez
Dates Bar/ thins,Build on our current dates category to target younger segment and establish a line that goes beyond seasonality.,True,False,In progress,Executing as per plan or in advance,Amber,1 Idea,,,,,Snacks,Abu Auf,Dates,Abu Auf,,Rasha Ghali,Nada Magdy,No,7/15/2025,7/15/2025,05-01-2026,05-01-2026,290,Pipeline 2026,05-01-2028,B2C,Domestic,Middle Eastern Twist,2 Adjacent,,0.0,0.23,,,,,2.2,3.5,Fast Track,,,,,,4/28/2025 4:15 AM,4/15/2026 1:20 AM,Daniel Perez
DC Choco-Plain Date Spread,"Plain & Choc Spread for Brazil, USA and UAE Market",True,True,Launched,Launched,Launched,4 Launch,Preparing the GTM (Activations) in Brazil for launch of spread,Chocodate spread on track to be shipped to Brazil by end of April. Plain Date Spread - TBD based on evolving situation,,,Snacks,Al Foah,Dates,Date Crown,,Basma Youssef,Basma Youssef,Yes,01-01-2026,01-01-2026,09-01-2026,09-01-2026,243,Pipeline 2026,09-01-2028,B2C,Domestic,Better for You / ESG,3 Disruptive,,0.0,2.0,,,Dont need CI studies,0.0,0.0,0.0,,,,,,,03-09-2026 09:01,05-04-2026 04:23,Siddharth Matripragada
DC Date Bites,Variety of Date Bites in tropical flavors UAE 2026 Other regions TBC,True,False,In progress,Executing as per plan or in advance,Green,1 Idea,Sample 1 presented and received feedback on the same. Sample 2 to be presented this week,,Gate 1 : Ideation,,Snacks,Al Foah,Dates,Date Crown,,Basma Youssef,Basma Youssef,Yes,08-01-2025,08-01-2025,4/30/2026,11/13/2026,469,Pipeline 2026,11/13/2028,B2C,Both,Better for You / ESG,2 Adjacent,0.0,0.0,0.34,,,Dont need CI studies,0.0,3.5,3.7,Full Process,/:b:/r/sites/pwa/growthlabpmo/Shared%20Documents/Al%20Foah/Date%20Crown/Gate%201/Fruit%20Bars_Gate%201.pdf?csf=1&web=1&e=GLUSjl,,,,,08-06-2025 02:45,05-04-2026 04:24,Siddharth Matripragada
DC Date Filled Biscuit/ Maamoul,"Jars of avg grammage 250g. Flavors: Sesame, Cinnamon, Plain, Orange",True,False,In progress,Executing as per plan or in advance,Green,0,Project ready. Gate 4 to be presented,Testing done. SKUs finalized. Artwork ready. Submitting for Dubai Municipality Approval,,,Snacks,Al Foah,Dates,Date Crown,,Basma Youssef,Noha El Shishiny,Yes,04-01-2026,04-01-2026,5/29/2026,5/29/2026,58,Pipeline 2026,5/29/2028,B2C,Domestic,Middle Eastern Twist,2 Adjacent,,0.0,0.5,,,Dont need CI studies,0.0,0.0,0.0,,,,,,,4/15/2026 5:13 AM,05-04-2026 04:24,Siddharth Matripragada
DC Grab & Go,Launch AED 1-5 per pack proposition (plain and value added dates) in UAE and equivalent in Brazil as recruitment/ trail packs,True,False,In progress,Delayed,Amber,2 Explore,BOM revision done. P&L being updated to present to Gate 3/4,Change in SKUs due to quality of dates. BOM being revised. Will be ready for Gate 3 and 4 in the next cycle,,,Snacks,Al Foah,Dates,Date Crown,,Basma Youssef,Basma Youssef,Yes,2/28/2026,2/28/2026,05-01-2026,6/26/2026,118,Pipeline 2026,6/26/2028,B2C,Both,Superiority in Core,1 Core,,,4.0,,,Dont need CI studies,0.0,3.2,4.2,Full Process,/:p:/r/sites/pwa/growthlabpmo/Shared%20Documents/Al%20Foah/Date%20Crown/Gate%201/January%202026/0602_DC%20Grab%20%26%20Go_Gate%201_v3.pptx?d=w75007b99573840c1b11d115c9292bd84&csf=1&web=1&e=Ukd4Ny,,,,,02-06-2026 07:04,05-04-2026 04:25,Siddharth Matripragada
DC PPA Range,"Extend Date Crown Portfolio Into tubs and cartons offering, a growing packaging format in GCC. 400g and 800 tubs (Khidri, Ajwa and Safawi) and 550g tubs Medjoul, 500g - 7 Emirates Pack, 1kg top & bottom (Khalas, Lulu, Khenaizi, Fard)",True,True,Launched,Launched,Launched,5 Review,Gate 5,,Gate 5,,Snacks,Al Foah,Dates,Date Crown,"R150401,R94400,R95400,R150800,R94800,R95800,R92552,R19073,R18073,R10073,R16073,R36500",Basma Youssef,Basma Youssef,Yes,01-01-2025,01-01-2025,11/30/2025,11/30/2025,333,Pipeline 2025,12-01-2027,B2C,Domestic,Superiority in Core,1 Core,2.5,0.3,1.39,0.9,,,,1.0,4.2,Fast Track,,,,/:p:/r/sites/pwa/growthlabpmo/Shared%20Documents/Al%20Foah/Date%20Crown/Gate%204/DC%20PPA%20Range_Gate%204.pptx?d=w71cc58fd2b504332ab73ef5d84dfcdde&csf=1&web=1&e=PaqZOL,,4/28/2025 4:19 AM,4/23/2026 4:40 AM,Daniel Perez
DC Protein-Fortified Value-Added Dates,"Date filled with protein-rich peanut butter and almond butter, and coated with chocolate",True,False,In progress,Delayed,Amber,2 Explore,Costing being prepared. Will prepare Gate 3/4 next week and present accordingly,Delay with receiving RM (protein powder) due to current situation. Trying to minimize impact of delay,,,Snacks,Al Foah,Dates,Date Crown,,Basma Youssef,Basma Youssef,Yes,2/28/2026,2/28/2026,06-01-2026,6/19/2026,111,Pipeline 2026,6/19/2028,B2C,Domestic,Better for You / ESG,3 Disruptive,0.0,0.0,3.2,,,Dont need CI studies,0.0,3.2,3.7,Full Process,/:p:/r/sites/pwa/growthlabpmo/Shared%20Documents/Al%20Foah/Date%20Crown/Gate%201/January%202026/0602_DC%20Protein-Fortified%20Value-Added%20Dates_Gate%201_v3.pptx?d=waa9e665e41994597953cc89f1b306027&csf=1&web=1&e=dOVpJG,,,,,02-06-2026 07:09,05-04-2026 04:26,Siddharth Matripragada
DC White Choco Dates,Cater to all choco lovers through extending our Chocolate date offering into white choco dates. 250gm pack to be included in 250G X 3 Date Crown Chocodate assortment.,True,True,Launched,Launched,Launched,5 Review,,,,,Snacks,Al Foah,Dates,Date Crown,"S16012,S16016,S16016-DE",Basma Youssef,Basma Youssef,Yes,08-01-2024,08-01-2024,02-01-2025,02-01-2025,184,Pipeline 2025,02-02-2027,B2C,Domestic,Sensory & Indulgent,1 Core,3.6,1.76,1.61,0.3,,,,1.0,4.2,Fast Track,,,/:b:/r/sites/pwa/growthlabpmo/Shared%20Documents/Al%20Foah/Date%20Crown/Gate%203/Gate%202%263_White-Chocodates_v0.13.pdf?csf=1&web=1&e=8obrAa,,,4/28/2025 4:19 AM,4/23/2026 4:40 AM,Daniel Perez
Dominos Pizza Flour,To develop costumer specific product matching to the spec of Dominos,True,False,In progress,Delayed,Red,3 Develop,,,TBC,,Flour & Feed,Flour,Flour,Grand Mills,,Rajeswari Gopalan,Rajeswari Gopalan,Yes,8/14/2024,8/14/2024,01-01-2026,01-01-2026,505,Pipeline 2026,01-02-2028,B2C,Domestic,Superiority in Core,1 Core,,,,,,,,0.0,0.0,,,,,,,4/28/2025 4:01 AM,4/14/2026 6:03 AM,Daniel Perez
DP Cooked seasoned chicken wings,Backup recipe - Contingency,True,True,Launched,Launched,Launched,4 Launch,Share it wuth the customer.,,,,Protein & Frozen,Nabil,Chicken product,Nabil,FGF11693,Hassan Elshahawy,Osama Abu Laila,Yes,08-12-2024,08-12-2024,02-03-2025,02-03-2025,175,Pipeline 2025,02-04-2027,B2B,Both,Sensory & Indulgent,1 Core,,,,,,Dont need CI studies,0.0,0.0,0.0,,,,,,,08-11-2025 06:21,4/14/2026 1:11 AM,Daniel Perez
Dubai chocolate kunafa festive QDF (before Zadina Kunafa Domes),Dome Chocolate filled with Kunafa flavors,True,False,In progress,Delayed,Red,0 Concept definition,At risk due to current geopolitical situation. Travel retail is moving slow,,,,Snacks,Al Foah,Chocolate,Zadina,,alain khaled,Josephine Chidiac,Yes,07-01-2025,07-01-2025,3/31/2026,8/28/2026,423,Pipeline 2026,8/28/2028,B2C,Domestic,Sensory & Indulgent,2 Adjacent,0.0,0.0,0.23,,,Others,0.0,2.2,2.2,Evaluate with care & prioritize,,,,,,08-06-2025 03:24,4/23/2026 4:37 AM,Daniel Perez
Dunkin Donut - Bavarian Cream KSA,Developing Bavarian cream for DD KSA,True,False,In progress,Delayed,Amber,3 Develop,"Restarted discussions for KSA and UAE, to get confirmations as per new recipe, to reassess project change",,TBC with Roya/ Hussein,,Snacks,BMB,Ingredients,Benoit,,Hussein Safa,Noha El Shishiny,Yes,01-06-2025,01-06-2025,5/31/2026,5/31/2026,510,Pipeline 2026,5/31/2028,B2B,Export,Sensory & Indulgent,1 Core,3.1,0.0,1.5,,,,,1.0,4.6,Fast Track,,,,,,4/28/2025 4:23 AM,4/23/2026 4:34 AM,Daniel Perez
Easter Walmart Dubai Chocolate,"Raspberry, citrus and pistachio kunafa domes",True,False,In progress,Executing as per plan or in advance,Amber,3 Develop,,,,,Snacks,BMB,Chocolate,Private Label,,Mohamad Ajami,Noha El Shishiny,Yes,03-03-2025,03-03-2025,11/30/2026,11/30/2026,637,Pipeline 2026,11/30/2028,B2B,Export,Sensory & Indulgent,1 Core,3.7,,1.0,,,,,3.1,3.4,Full Process,,,,,,6/18/2025 1:40 AM,4/23/2026 4:34 AM,Daniel Perez
Eco beef pepperoni,Cooked formed beef with pepperoni seasoning FGF12479,True,True,Launched,Launched,Launched,4 Launch,,,,,Protein & Frozen,Nabil,Cold Cuts,Nabil,FGF12479,Hassan Elshahawy,Osama Abu Laila,No,5/19/2025,5/19/2025,10/22/2025,10/22/2025,156,Pipeline 2025,10/23/2027,B2B,Export,Sensory & Indulgent,1 Core,,0.0,,,,Dont need CI studies,0.0,0.0,0.0,,,,,,,10-07-2025 05:46,4/14/2026 1:11 AM,Daniel Perez
Edamame,Explore launching Edamame to reach to additional consumers for Al Ain Food brand,True,False,In progress,Executing as per plan or in advance,Green,0 Concept definition,,,This is at concept stage,,CBD,Food,FPP,Al Ain,,Omar Abbasi,Abdullah Aziz,Yes,03-01-2025,03-01-2025,07-01-2026,07-01-2026,487,Pipeline 2026,07-01-2028,B2C,Domestic,Superiority in Core,2 Adjacent,,0.0,0.0,,,Dont need CI studies,0.0,0.0,0.0,,,,,,,1/15/2026 4:29 AM,4/28/2026 6:53 AM,Abdullah Aziz
Espresso Capsules x 3,To introduce espresso capsules in our stores to expand the portfolio beyond Turkish coffee & eat share from the currently unaffordable imported capsules mainly the leader Nespresso & others.,True,True,Launched,Launched,Launched,5 Review,,,,,Snacks,Abu Auf,Coffee,Abu Auf,"6223011438127,6223011438134,6223011438110",Rasha Ghali,Ali Khaled,No,09-01-2023,09-01-2023,01-01-2025,01-01-2025,488,Pipeline 2025,01-02-2027,B2C,Domestic,Superiority in Core,1 Core,,0.63,0.66,,,,,0.0,0.0,,,,,,,05-06-2025 22:54,4/15/2026 1:21 AM,Daniel Perez
Fahem w lahem - Spicy Chicken fillet 1 kg,,True,False,On hold,On hold,On hold,0 Concept definition,Price too High for the customer and Project must be hold.,,,,Protein & Frozen,Nabil,Breaded,Nabil,,Hassan Elshahawy,Osama Abu Laila,Yes,09-02-2025,09-02-2025,11/13/2025,11/13/2025,72,Pipeline 2025,11/14/2027,B2B,Domestic,Sensory & Indulgent,1 Core,,,,,,Dont need CI studies,0.0,0.0,0.0,,,,,,,10-07-2025 06:30,4/22/2026 4:38 AM,Daniel Perez
Fahem w lahem - Crispy rectangular chicken nuggets 1 kg,Formed seasoned chicken meat with crunchy coating,True,False,On hold,On hold,On hold,0 Concept definition,Price too High for the customer and Project must be hold.,,,,Protein & Frozen,Nabil,Breaded,Nabil,,Hassan Elshahawy,Osama Abu Laila,Yes,09-02-2025,09-02-2025,11/13/2025,11/13/2025,72,Pipeline 2025,11/14/2027,B2B,Domestic,Sensory & Indulgent,1 Core,,,,,,Dont need CI studies,0.0,0.0,0.0,,,,,,,10-07-2025 06:02,4/22/2026 4:38 AM,Daniel Perez
Fahem w lahem - Jumbo chicken burger 134 g,Formed seasoned chicken meat with crunchy coating,True,False,On hold,On hold,On hold,0 Concept definition,Price too High for the customer and Project must be hold.,,,,Protein & Frozen,Nabil,Breaded,Nabil,,Hassan Elshahawy,Osama Abu Laila,Yes,09-02-2025,09-02-2025,11/13/2025,11/13/2025,72,Pipeline 2025,11/14/2027,B2B,Domestic,Sensory & Indulgent,1 Core,,,,,,Dont need CI studies,0.0,0.0,0.0,,,,,,,10-07-2025 06:01,4/22/2026 4:38 AM,Daniel Perez
Fahem w lahem - Tempura chicken nuggets 1 kg,Formed seasoned chicken meat with tempura coating,True,False,On hold,On hold,On hold,0 Concept definition,Price too High for the customer and Project must be hold.,,,,Protein & Frozen,Nabil,Breaded,Nabil,,Hassan Elshahawy,Osama Abu Laila,Yes,09-02-2025,09-02-2025,11/13/2025,11/13/2025,72,Pipeline 2025,11/14/2027,B2B,Domestic,Sensory & Indulgent,1 Core,,,,,,Dont need CI studies,0.0,0.0,0.0,,,,,,,10-07-2025 06:04,4/22/2026 4:38 AM,Daniel Perez
FF unflatten beef burger 90 gm,FF unflatten beef burger 90 gm,True,True,Launched,Launched,Launched,5 Review,,,SKU Cancelled,,Protein & Frozen,Nabil,Beef product,Nabil,FGF12408,Hassan Elshahawy,Alaa Abdellatif,Yes,10-02-2024,10-02-2024,11-09-2024,11-09-2024,38,2023 + 2024,11-10-2026,B2B,Domestic,Sensory & Indulgent,1 Core,,,0.01,,,,,0.0,0.0,,,,,,,05-11-2025 04:36,4/23/2026 4:31 AM,Daniel Perez
Firefly Cooked breaded chicken tender,Cooked seasoned whole muscle chicken breast with crispy coating FGF12461,True,True,Launched,Launched,Launched,4 Launch,,,,,Protein & Frozen,Nabil,Breaded,Nabil,FGF12461,Hassan Elshahawy,Osama Abu Laila,Yes,01-09-2025,01-09-2025,12-10-2025,12-10-2025,335,Pipeline 2025,12-11-2027,B2B,Both,Sensory & Indulgent,1 Core,,,0.13,,,Dont need CI studies,0.0,0.0,0.0,,,,,,,08-11-2025 06:13,4/14/2026 1:11 AM,Daniel Perez
Firefly Uncooked shish chicken breast,Raw whole muscle chicken breast with shish seasoning FGF12460,True,True,Launched,Launched,Launched,4 Launch,,,,,Protein & Frozen,Nabil,Chicken product,Nabil,FGF12460,Hassan Elshahawy,Osama Abu Laila,No,12/15/2024,12/15/2024,2/26/2026,2/26/2026,438,Pipeline 2026,2/27/2028,B2B,Both,Sensory & Indulgent,1 Core,,0.0,0.21,,,Dont need CI studies,0.0,0.0,0.0,,,,,,,08-11-2025 06:10,4/15/2026 7:56 AM,Daniel Perez
Flat Wafer,Flat wafer,True,False,In progress,Executing as per plan or in advance,Red,0 Concept definition,,,,,Snacks,Abu Auf,Biscuits,Abu Auf,,Rasha Ghali,Nada Magdy,No,11-01-2025,11-01-2025,04-01-2026,04-01-2026,151,Pipeline 2026,04-01-2028,B2C,Domestic,Superiority in Core,1 Core,,0.0,3.81,,,Dont need CI studies,0.0,0.0,0.0,,,,,,,01-08-2026 21:20,4/15/2026 1:20 AM,Daniel Perez
Flavours of the world,Flavours of the world,True,False,In progress,Executing as per plan or in advance,Amber,4 Launch,,,,,Snacks,Abu Auf,Nuts,Abu Auf,,Rasha Ghali,Nada Magdy,No,01-01-2025,01-01-2025,7/31/2026,7/31/2026,576,Pipeline 2026,7/31/2028,B2C,Domestic,Superiority in Core,1 Core,,0.0,0.04,,,Dont need CI studies,0.0,0.0,0.0,,,,,,,01-08-2026 21:27,4/15/2026 1:20 AM,Daniel Perez
Formed Strips,Launch a Formed Strips under Chicketita Brand to consume trimmings and bring an accessible Strips to the market with lower cost (400g and 900g),True,False,In progress,Executing as per plan or in advance,Green,1 Idea,,,"Project Approved, pending kick off and Gate 1",,Protein & Frozen,Atyab,Breaded,Chikitita,,Hassan Elshahawy,Abdelrahman Eldeeb,No,11-03-2025,11-03-2025,5/29/2026,5/29/2026,207,Pipeline 2026,5/29/2028,B2C,Domestic,Superiority in Core,1 Core,,0.0,1.29,,,Market research,0.0,1.6,4.3,Fast Track,,,,,,11-03-2025 04:59,4/23/2026 11:12 PM,Daniel Perez
Fortified Crispy Chicken Nuggets 750,,True,False,In progress,Delayed,Green,0,,,,,Protein & Frozen,Nabil,Chicken product,Nabil,,Hassan Elshahawy,Osama Abu Laila,No,05-01-2025,05-01-2025,06-01-2026,06-01-2026,396,Pipeline 2026,06-01-2028,B2C,Both,Better for You / ESG,1 Core,,0.0,0.3,,,Dont need CI studies,0.0,0.0,0.0,,,,,,,03-12-2026 01:36,4/23/2026 11:12 PM,Daniel Perez
Fortified Nuggets,Nabil ​-Fortified Nugget as new SKU​,True,True,Launched,Launched,Launched,4 Launch,,,,,Protein & Frozen,Nabil,Breaded,Nabil,,Hassan Elshahawy,Alaa Abdellatif,Yes,10/28/2024,10/28/2024,12/31/2025,12/31/2025,429,Pipeline 2025,01-01-2028,B2C,Both,Better for You / ESG,1 Core,,,0.05,,,,,1.8,3.5,Fast Track,,,,,,4/28/2025 4:05 AM,4/23/2026 5:49 AM,Daniel Perez
Freakin Awesome 5-Pieces Nut Butter Filled Dates,,True,True,Launched,Launched,Green,0,,,,,Snacks,BMB,Chocolate,Freakin Awesome,"HB09339750220099,HB09339750220098,HB09339750220097,HB09339650220316,",Basma Youssef,Noha El Shishiny,No,12/30/1899,05-04-2025,12/30/1899,07-01-2025,58,Pipeline 2025,07-02-2027,B2C,Domestic,Better for You / ESG,1 Core,1.4,0.0,0.7,,,Dont need CI studies,0.0,0.0,0.0,,,,,,,4/17/2026 4:39 AM,05-04-2026 04:26,Siddharth Matripragada
Freakin Awesome Granola x4 Package Revamp,Freakin Awesome Granola x4 Package Revamp,True,False,In progress,Executing as per plan or in advance,Green,0 Concept definition,Packaging received. PO received from commercial. P&L finalization this week. To present to Gate 4 this month. To be invoiced this month,"Have fast-tracked and are delivering ahead of time. Original launch was Jun, current launch is May",,,Snacks,BMB,Others,Freakin Awesome,,Basma Youssef,Noha El Shishiny,Yes,1/15/2026,1/15/2026,06-01-2026,5/20/2026,125,Pipeline 2026,5/20/2028,B2C,Domestic,Better for You / ESG,2 Adjacent,0.0,0.0,1.8,,,Dont need CI studies,0.0,1.5,3.4,Fast Track,,,,,,1/15/2026 7:26 AM,05-04-2026 04:27,Siddharth Matripragada
Freakin Awesome Loose Nut Butter Filled Dates - HORECA,"5 piece box and loose bulk nut butter filled dates (peanut butter, peanut butter in dark chocolate, caramel almond)",True,True,Launched,Launched,Launched,5 Review,,,,,Snacks,BMB,Dates,Freakin Awesome,"HB09339650220285,HB09339650220286",Hussein Safa,Noha El Shishiny,Yes,01-06-2025,09-01-2024,2/28/2025,11-01-2024,61,Pipeline 2025,11-02-2026,B2C,Domestic,Better for You / ESG,2 Adjacent,0.2,0.4,0.0,,,,,1.4,3.8,Fast Track,,,,,,4/28/2025 4:21 AM,4/22/2026 5:12 AM,Daniel Perez
Freakin Date Candy,Sour flavored date candy (whole dates and chopped dates),True,False,In progress,Executing as per plan or in advance,Green,0,Initial AW completed. Line trials to take place week of May 18th,Awaiting flavor samples from suppliers,,,Snacks,BMB,Snacks,Freakin Awesome,,Basma Youssef,Noha El Shishiny,No,04-01-2026,04-01-2026,08-03-2026,08-03-2026,124,Pipeline 2026,08-03-2028,B2C,Domestic,Sensory & Indulgent,2 Adjacent,,0.0,0.5,,,Dont need CI studies,0.0,0.0,0.0,,,,,,,4/15/2026 4:33 AM,05-04-2026 04:28,Siddharth Matripragada
Freakin Pistachio Noms,Pistachio Noms,True,False,In progress,Executing as per plan or in advance,Green,0,Outer box PM received. Inner foil to be received in 2 weeks. Gate 3/4 will be prepared and presented this month. Will start invoicing in May,Commercial to start listing. Packaging will be delivered last week of Apr ready for production,,,Snacks,BMB,Dates,Freakin Wholesome,,Noha El Shishiny,Noha El Shishiny,Yes,10-01-2025,10-01-2025,04-01-2026,4/30/2026,211,Pipeline 2026,4/30/2028,B2C,Domestic,Better for You / ESG,2 Adjacent,,0.0,0.92,,,Dont need CI studies,0.0,0.0,0.0,,,,/:b:/r/sites/pwa/growthlabpmo/Shared%20Documents/Freakin%27/Freakin%20Awesome%20Date%20Filled%20-Noms%20Gate%203.pdf?csf=1&web=1&e=yFQc24,,,03-09-2026 09:09,05-04-2026 04:28,Siddharth Matripragada
Freakin Pretzels,Better for you savory pretzels with added high-protein,True,False,In progress,Executing as per plan or in advance,Green,0,"3rd round of samples to be received on May 11th from Kemet. In parallel, Abu Auf running R&D trials",Awaiting 2nd trial of revised samples due to flavor profiles,,,Snacks,BMB,Snacks,Freakin Awesome,,Noha El Shishiny,Noha El Shishiny,No,04-01-2026,04-01-2026,11/16/2026,11/16/2026,229,Pipeline 2026,11/16/2028,B2C,Domestic,Better for You / ESG,3 Disruptive,,0.0,0.2,,,Dont need CI studies,0.0,0.0,0.0,,,,,,,4/15/2026 4:30 AM,05-04-2026 04:29,Siddharth Matripragada
Freakin Thins Retail Pack,Thins,True,False,In progress,Executing as per plan or in advance,Green,0,Gate 3/4 this month. Will be invoiced in May,Commercial to start listing. Packaging will be delivered last week of Apr ready for production,,,Snacks,BMB,Dates,Freakin Wholesome,,Noha El Shishiny,Noha El Shishiny,No,10-01-2025,10-01-2025,04-01-2026,5/15/2026,226,Pipeline 2026,5/15/2028,B2C,Domestic,Better for You / ESG,3 Disruptive,,0.0,2.95,,,Dont need CI studies,0.0,0.0,0.0,,,,/:b:/r/sites/pwa/growthlabpmo/Shared%20Documents/Freakin%27/Freakin%20Awesome%20Thins%20Gate3%20.pdf?csf=1&web=1&e=8azGTL,,,03-09-2026 09:10,05-04-2026 04:30,Siddharth Matripragada
Freakin Wholesome Assorted Nuts Filled Dates,Assorted Club Pack Nut Filled Dates,True,True,Launched,Launched,Launched,5 Review,No sales reported in Mar26,,No sales reported in Mar26,,Snacks,BMB,Dates,Freakin Wholesome,HB09339650220278,Hussein Safa,Noha El Shishiny,Yes,01-08-2024,01-08-2024,7/31/2024,7/31/2024,205,2023 + 2024,08-01-2026,B2C,Export,Better for You / ESG,1 Core,4.0,3.4,,,,,,1.0,4.0,Fast Track,,,,,,4/28/2025 4:23 AM,4/17/2026 6:30 AM,Taimur Ahmad
Freakin Wholesome Choco and Filled Dates,"USA Sprouts - Almond filled dates, Cashew Filled Dates, Almond filled dates in dark chocolate, Cashew filled dates in dark chocolate",True,True,Launched,Launched,Launched,5 Review,No sales reported in Mar26,,No sales reported in Mar26,,Snacks,BMB,Dates,Freakin Wholesome,"HB09339750220094,HB09339750220093,HB09339750220095,HB09339750220096",Noha El Shishiny,Noha El Shishiny,Yes,01-08-2024,01-08-2024,5/31/2025,5/31/2025,509,Pipeline 2025,06-01-2027,B2C,Export,Better for You / ESG,1 Core,0.4,0.19,0.19,,,,,1.0,4.0,Fast Track,,,,,,4/28/2025 4:22 AM,4/15/2026 2:55 AM,Daniel Perez
Freakin Wholesome Nut Butter Filled Dates,Freakin Wholesome Nut Butter Filled Dates,True,True,Launched,Launched,Launched,4 Launch,,,,,Snacks,BMB,Dates,Freakin Wholesome,"HB09339650220273,HB09339650220274,HB09339650220275,HB09339650220276,HB09339650220277,HB09339650220258,HB09339650220260,HB09339650220259,HB09339650220262,HB09339650220261",Hussein Safa,Noha El Shishiny,Yes,11-01-2023,11-01-2023,4/30/2024,4/30/2024,181,2023 + 2024,05-01-2026,B2C,Domestic,Better for You / ESG,1 Core,1.0,0.32,0.3,,,Dont need CI studies,0.0,1.7,4.0,Fast Track,,,,,,9/26/2025 5:13 AM,4/14/2026 1:11 AM,Daniel Perez
Freakin Wholesome Thins,Club Pack Freakin Wholesome Thins,True,True,Launched,Launched,Launched,4 Launch,,,,,Snacks,BMB,Dates,Freakin Wholesome,HB09339650220296,Noha El Shishiny,Noha El Shishiny,Yes,12-09-2024,12-09-2024,12/31/2025,12/31/2025,387,Pipeline 2025,01-01-2028,B2C,Export,Better for You / ESG,3 Disruptive,5.5,2.5,3.0,,,,,2.2,4.1,Fast Track,,,,,,4/28/2025 4:21 AM,4/15/2026 6:34 AM,Siddharth Matripragada
Fresh Chicken Line,Focus Baseload Cuts (Raw) to entry the Fresh market,True,False,In progress,Executing as per plan or in advance,Green,0,,,,,Protein & Frozen,Atyab,Chicken product,Atyab,,Hassan Elshahawy,Mohamed Samir,No,02-02-2026,02-02-2026,6/30/2026,6/30/2026,148,Pipeline 2026,6/30/2028,B2C,Domestic,Superiority in Core,1 Core,,0.0,4.58,,,Dont need CI studies,0.0,2.1,4.4,Fast Track,,,,,,03-05-2026 23:45,4/23/2026 11:12 PM,Daniel Perez
Fries expansion LE,Potato in different shapes and cuts,True,False,In progress,Executing as per plan or in advance,Green,0,Selecting from supplier portfolio,,,,Protein & Frozen,Nabil,Appetizers,Nabil,,Hassan Elshahawy,Osama Abu Laila,No,01-06-2026,01-06-2026,6/30/2026,6/30/2026,175,Pipeline 2026,6/30/2028,B2C,Domestic,Superiority in Core,1 Core,,0.0,0.15,,,Dont need CI studies,0.0,0.0,0.0,,,,,,,3/26/2026 6:33 AM,4/23/2026 11:12 PM,Daniel Perez
Glazed Wings,"Marinated and Fully Cooked Chicken Wings ready to airfry (Flavors Explored: BBQ, Buffalo, Nashville and Gochujang)",True,False,In progress,Executing as per plan or in advance,Green,0,Developing Flavors for Sensory Evaluation,,"Project Approved, pending Gate 2 Approval",,Protein & Frozen,Atyab,Chicken product,Atyab,,Hassan Elshahawy,Renee Araujo,Yes,02-02-2026,02-02-2026,8/31/2026,8/31/2026,210,Pipeline 2026,8/31/2028,B2C,Domestic,Sensory & Indulgent,1 Core,,0.0,0.22,,,Dont need CI studies,0.0,1.7,4.4,Fast Track,,,,,,03-05-2026 23:38,4/23/2026 11:12 PM,Daniel Perez
Gummies Pouches New 4 variants,"Toll manufacturer, seeking an opportunity of imported candies becoming expensive and unavailable due to import restrictions",True,True,Launched,Launched,Launched,5 Review,,,,,Snacks,Abu Auf,Snacks,Abu Auf,"6223001690016,6223001690030,6223001690023,6223001690047",Rasha Ghali,Nada Magdy,No,03-01-2025,03-01-2025,06-01-2025,06-01-2025,92,Pipeline 2025,06-02-2027,B2C,Domestic,Superiority in Core,2 Adjacent,,1.32,1.73,,,,,0.0,0.0,,,,,,,05-06-2025 22:54,4/15/2026 1:20 AM,Daniel Perez
"Halawa, Baklava & Basbosa Chocolatés",Selling new range /variations of chocolates,True,True,Launched,Launched,Launched,4 Launch,,,This project has been discontinued,,Snacks,Abu Auf,Chocolate,Abu Auf,"6223011438172,6223011438189,6223011438240",Rasha Ghali,Nada Magdy,No,10-07-2024,10-07-2024,12-02-2024,12-02-2024,56,2023 + 2024,12-03-2026,B2C,Both,Sensory & Indulgent,2 Adjacent,0.3,,,,,,,0.0,0.0,,,,,,,4/30/2025 11:43 PM,4/23/2026 4:35 AM,Daniel Perez
Healthy Nuts Mix,Healthy Nuts Mix,True,False,On hold,On hold,On hold,0 Concept definition,On hold due to small price size,,,,Snacks,Abu Auf,Nuts,Abu Auf,,Rasha Ghali,Nada Magdy,No,11-01-2025,11-01-2025,3/31/2026,3/31/2026,150,Pipeline 2026,3/31/2028,B2C,Domestic,Superiority in Core,1 Core,,0.0,0.15,,,Dont need CI studies,0.0,0.0,0.0,,,,,,,01-08-2026 21:25,4/15/2026 1:26 AM,Daniel Perez
Hot Honey Breaded Chicken Chunks,,True,True,Launched,Launched,Launched,5 Review,,,,,Protein & Frozen,Atyab,Breaded,Atyab,11431,Hassan Elshahawy,Seif Rateb,No,1/15/2025,1/15/2025,09-01-2025,09-01-2025,229,Pipeline 2025,09-02-2027,B2C,Domestic,Superiority in Core,1 Core,,0.25,,,,Dont need CI studies,0.0,0.0,0.0,,,,,,,10/13/2025 5:54 AM,4/14/2026 1:12 AM,Daniel Perez
Italian Pizza Flour,Develop Italian Type flour for professional pizza makers to achieve a perfect high quality artisanal pizza. Product diversification to cater to specialized segments in the B2B segment and strengthen Grand Mills brand equity,True,True,Launched,Launched,Launched,4 Launch,,,TBC,,Flour & Feed,Flour,Flour,Grand Mills,GM250309,Rajeswari Gopalan,Rajeswari Gopalan,Yes,03-03-2025,03-03-2025,12/31/2025,12/31/2025,303,Pipeline 2025,01-01-2028,B2C,Domestic,Superiority in Core,1 Core,0.9,0.05,0.89,0.8,,,,0.0,0.0,,,,,,,4/30/2025 11:43 PM,4/23/2026 11:33 PM,Azzah Nadersha
Jasmis beef burger 110 gm,Jasmis beef burger 110 gm,True,True,Launched,Launched,Red,5 Review,,,,,Protein & Frozen,Nabil,Breaded,Nabil,FGF12411,Hassan Elshahawy,Alaa Abdellatif,Yes,09-09-2024,09-09-2024,10/31/2024,10/31/2024,52,2023 + 2024,11-01-2026,B2B,Export,Sensory & Indulgent,1 Core,0.7,,,,,,,0.0,0.0,,,,,,,5/13/2025 9:05 AM,4/14/2026 5:42 AM,Daniel Perez
Juice X2 Flavours,"adjancies to our beverages range- Hibiscus, jasmine tea and guava and mango juice",True,True,Launched,Launched,Launched,4 Launch,,,,,Snacks,Abu Auf,Beverages,Abu Auf,"6223001690122,6223001690139",Rasha Ghali,Nada Magdy,No,01-01-2025,01-01-2025,06-01-2025,06-01-2025,151,Pipeline 2025,06-02-2027,B2C,Domestic,Sensory & Indulgent,2 Adjacent,,0.37,,,,,,0.0,0.0,,,,,,,4/28/2025 4:15 AM,4/15/2026 1:20 AM,Daniel Perez
Jumbo chicken strips 770 g,Reformed breaded chicken with uniform size Revo mold (Strips),True,False,In progress,Executing as per plan or in advance,Green,0,Printing package,,,,Protein & Frozen,Nabil,Chicken product,Nabil,,Hassan Elshahawy,Osama Abu Laila,No,1/13/2026,1/13/2026,6/30/2026,6/30/2026,168,Pipeline 2026,6/30/2028,B2C,Domestic,Sensory & Indulgent,1 Core,,0.0,0.37,,,Dont need CI studies,0.0,0.0,0.0,,,,,,,3/26/2026 6:38 AM,4/23/2026 11:12 PM,Daniel Perez
Juniros - Beef Patty 150 gm,FGF12484,True,True,Launched,Launched,Launched,4 Launch,,,,,Protein & Frozen,Nabil,Beef product,QSR Private Label Key Account,FGF12484,Osama Abu Laila,Besan Al Shibi,Yes,9/15/2025,9/15/2025,11-04-2025,11-04-2025,50,Pipeline 2025,11-05-2027,B2B,Both,Sensory & Indulgent,1 Core,,0.0,0.87,,,Dont need CI studies,0.0,0.0,0.0,,,,,,,01-07-2026 23:34,4/14/2026 1:12 AM,Daniel Perez
Juniros - Cooked Chicken Fillet 1 KG - R,FGF12487,True,True,Launched,Launched,Launched,4 Launch,,,,,Protein & Frozen,Nabil,Chicken product,QSR Private Label Key Account,FGF12487,Osama Abu Laila,Besan Al Shibi,Yes,10-06-2025,10-06-2025,1/31/2026,1/31/2026,117,Pipeline 2026,02-01-2028,B2B,Both,Festive & Special (LTO),1 Core,,0.0,0.0,,,Dont need CI studies,0.0,0.0,0.0,,,,,,,01-07-2026 23:27,4/14/2026 1:12 AM,Daniel Perez
Juniros - Cooked Spicy Chicken Fillet 1 KG - R,FGF12486,True,True,Launched,Launched,Launched,4 Launch,,,,,Protein & Frozen,Nabil,Chicken product,QSR Private Label Key Account,FGF12486,Osama Abu Laila,Besan Al Shibi,Yes,10/13/2025,10/13/2025,1/31/2026,1/31/2026,110,Pipeline 2026,02-01-2028,B2B,Both,Festive & Special (LTO),1 Core,,0.0,0.0,,,Dont need CI studies,0.0,0.0,0.0,,,,,,,01-07-2026 23:30,4/14/2026 1:12 AM,Daniel Perez
KBW Beef Burger 150 gm,KBW Beef Burger 150 gm - NP25-56 - FGF12454,True,True,Launched,Launched,Launched,5 Review,,,,,Protein & Frozen,Nabil,Beef product,Nabil,FGF12454,Hassan Elshahawy,Alaa Abdellatif,Yes,9/30/2024,9/30/2024,4/20/2025,4/20/2025,202,Pipeline 2025,4/21/2027,B2B,Domestic,Sensory & Indulgent,1 Core,,,0.7,,,,,0.0,0.0,,,,,,,5/13/2025 9:05 AM,4/14/2026 1:10 AM,Daniel Perez
KBW Beef Burger 45 gm,KBW Beef Burger 45 gm - NP24-113 - FGF12453,True,True,Launched,Launched,Launched,5 Review,,,,,Protein & Frozen,Nabil,Beef product,Nabil,FGF12453,Hassan Elshahawy,Alaa Abdellatif,Yes,9/30/2024,9/30/2024,4/20/2025,4/20/2025,202,Pipeline 2025,4/21/2027,B2B,Domestic,Sensory & Indulgent,1 Core,,,0.3,,,,,0.0,0.0,,,,,,,5/13/2025 9:05 AM,4/14/2026 1:10 AM,Daniel Perez
KBW Crunchy Chicken 1.1 KG,KBW Crunchy Chicken 1.1 KG - NP24-108 - FGF12455,True,True,Launched,Launched,Launched,5 Review,,,,,Protein & Frozen,Nabil,Breaded,Nabil,FGF12455,Hassan Elshahawy,Alaa Abdellatif,Yes,9/30/2024,9/30/2024,4/20/2025,4/20/2025,202,Pipeline 2025,4/21/2027,B2B,Domestic,Sensory & Indulgent,1 Core,,,0.2,,,,,0.0,0.0,,,,,,,5/13/2025 9:05 AM,4/14/2026 1:10 AM,Daniel Perez
KBW Tempura Chicken Burger 1 KG,KBW Tempura Chicken Burger 1 KG - NP24-110 - FGF12456,True,True,Launched,Launched,Launched,5 Review,,,,,Protein & Frozen,Nabil,Breaded,Nabil,,Hassan Elshahawy,Alaa Abdellatif,Yes,9/30/2024,9/30/2024,4/20/2025,4/20/2025,202,Pipeline 2025,4/21/2027,B2B,Domestic,Sensory & Indulgent,1 Core,,,0.13,,,,,0.0,0.0,,,,,,,5/13/2025 9:05 AM,4/14/2026 1:10 AM,Daniel Perez
KBW Tempura Chicken Nugget 1 KG,KBW Tempura Chicken Nugget 1 KG - NP24-112 - FGF12457,True,True,Launched,Launched,Launched,5 Review,,,,,Protein & Frozen,Nabil,Breaded,Nabil,FGF12457,Hassan Elshahawy,Alaa Abdellatif,Yes,9/30/2024,9/30/2024,4/20/2025,4/20/2025,202,Pipeline 2025,4/21/2027,B2B,Domestic,Sensory & Indulgent,1 Core,,,0.7,,,,,0.0,0.0,,,,,,,5/13/2025 9:05 AM,4/14/2026 1:10 AM,Daniel Perez
Kids Minions,Explore current Nuggets Line with a new Packaging with Minions,True,False,In progress,Executing as per plan or in advance,Amber,1 Idea,the product in 2026 pipeline and expected in Q3,,"Project Approved, pending alignments with Warner & Nabil",,Protein & Frozen,Atyab,Breaded,Atyab,,Hassan Elshahawy,Ahmed Tawfeek,No,11-03-2025,11-03-2025,6/30/2026,6/30/2026,239,Pipeline 2026,6/30/2028,B2C,Domestic,Superiority in Core,1 Core,,0.0,0.48,,,Dont need CI studies,0.0,1.0,4.2,Fast Track,,,,,,11-03-2025 05:02,4/14/2026 6:03 AM,Daniel Perez
Lava Bites (JOR),Crunchy mini chicken bites in fun popcorn shapes with powder sachets to boost flavor,True,False,In progress,Executing as per plan or in advance,Amber,0,Kick off in March/26 but still without value contribution until feasibility is validated,,,,Protein & Frozen,Nabil,Breaded,Nabil,,Hassan Elshahawy,Renee Araujo,Yes,3/31/2026,3/31/2026,9/30/2026,9/30/2026,183,Pipeline 2026,9/30/2028,B2C,Domestic,Sensory & Indulgent,1 Core,,0.0,0.0,,,Dont need CI studies,0.0,0.0,0.0,,,,,,,04-01-2026 01:31,4/14/2026 1:13 AM,Daniel Perez
Limited Edition Mamoul x 1SKU,New additional flavors to Maamoul range,True,True,Launched,Launched,Launched,5 Review,,,,,Snacks,Abu Auf,Mamoul,Abu Auf,"6223011437212,6223011437236,6223011437229,6223011437243",Rasha Ghali,Nada Magdy,No,03-01-2024,03-01-2024,11-01-2024,11-01-2024,245,2023 + 2024,11-02-2026,B2C,Domestic,Festive & Special (LTO),1 Core,,1.22,1.22,,,,,0.0,0.0,,,,,,,4/28/2025 4:15 AM,4/15/2026 1:20 AM,Daniel Perez
Lurinzo cooked beef con carne 1 Kg,Lurinzo cooked beef con carne 1 Kg NP24-103 - FGF12422,True,True,Launched,Launched,Launched,5 Review,,,,,Protein & Frozen,Nabil,Beef product,Nabil,FGF12422,Hassan Elshahawy,Alaa Abdellatif,Yes,11/30/2024,11/30/2024,1/19/2025,1/19/2025,50,Pipeline 2025,1/20/2027,B2B,Export,Sensory & Indulgent,1 Core,,,,,,,,0.0,0.0,,,,,,,05-11-2025 04:37,4/14/2026 1:10 AM,Daniel Perez
Malabar Paratha,"The Frozen Bread segment consists of multiple sub segments - Malabar is the 2nd biggest segment after Plain. Therefore, Launching Malabar Paratha to tap into additional consumer cohorts",True,False,In progress,Executing as per plan or in advance,Green,0 Concept definition,,,This is at concept stage,,CBD,Food,Food,Al Ain,AA5001631AA5001632,Omar Abbasi,Abdullah Aziz,Yes,03-01-2025,03-01-2025,05-01-2026,5/15/2026,440,Pipeline 2026,5/15/2028,B2C,Domestic,Superiority in Core,2 Adjacent,0.0,0.0,0.0,,,Dont need CI studies,0.0,0.0,0.0,,,,,,,1/15/2026 4:28 AM,4/28/2026 6:53 AM,Abdullah Aziz
Marinated Chicken Cuts IQF,"Pre cut, pre clean and fully marinated IQF Chicken Breast Cubes (Flavors being explored: Garlic & Onion, Yogurt & Pepper, Arabic Spices, Peri Peri, Tandoori and Tomato & Herbs)",True,False,In progress,Executing as per plan or in advance,Amber,0 Concept definition,the product in 2026 pipeline and is still under investigation,,"Project Approved, pending Gate 2 Approval",,Protein & Frozen,Atyab,FPP,Atyab,,Hassan Elshahawy,Renee Araujo,Yes,11-03-2025,11-03-2025,7/31/2026,7/31/2026,270,Pipeline 2026,7/31/2028,B2C,Domestic,Sensory & Indulgent,1 Core,,0.0,0.23,,,Dont need CI studies,0.0,1.6,4.8,Fast Track,/:p:/r/sites/pwa/growthlabpmo/Shared%20Documents/Atyab/Marinated%20Cuts%20(Atyab)/Marinated%20Chicken%20Cuts%20-%20Global%20Benchmarks.pptx?d=w0b9126d1249f46a98fff3e710f356d90&csf=1&web=1&e=Gc8ZnB,,,,,11-03-2025 05:05,4/14/2026 6:03 AM,Daniel Perez
Marshmallow,4 new SKUs of Marshmellow BENSON,True,True,Launched,Launched,Launched,4 Launch,,,,,Snacks,Abu Auf,Snacks,Abu Auf,"6223006319509,6223006319516,6223006319523,6223006319530",Rasha Ghali,Ali Khaled,No,09-01-2025,09-01-2025,01-01-2026,01-01-2026,122,Pipeline 2026,01-02-2028,B2C,Domestic,Superiority in Core,1 Core,,0.06,1.47,,,Dont need CI studies,0.0,0.0,0.0,,,,,,,11-07-2025 03:07,4/15/2026 1:22 AM,Daniel Perez
MC Beef Slice bacon 350 gm,MC Beef Slice bacon 350 gm,True,True,Launched,Launched,Launched,5 Review,This product provided income this year but is now zero sales,,LTO. This product provided income this year but is now zero sales,,Protein & Frozen,Nabil,Cold Cuts,Nabil,FGF12407,Hassan Elshahawy,Osama Abu Laila,Yes,09-05-2024,09-05-2024,11-05-2024,11-05-2024,61,2023 + 2024,11-06-2026,B2C,Both,Sensory & Indulgent,1 Core,,,,,,,,0.0,0.0,,,,,,,06-08-2025 03:53,4/14/2026 1:10 AM,Daniel Perez
MC diced beef bacon 500 gm,MC diced beef bacon 500 gm,True,True,Launched,Launched,Launched,5 Review,This product provided income this year but is now zero sales,,This product provided income this year but is now zero sales,,Protein & Frozen,Nabil,Cold Cuts,Nabil,FGF12417,Hassan Elshahawy,Osama Abu Laila,Yes,12-01-2024,12-01-2024,01-06-2025,01-06-2025,36,Pipeline 2025,01-07-2027,B2C,Both,Sensory & Indulgent,1 Core,,,,,,,,0.0,0.0,,,,,,,06-08-2025 03:53,4/14/2026 1:10 AM,Daniel Perez
Meatland Luncheon Reformulation,,True,True,Launched,Launched,Launched,5 Review,,,This product provided income this year but is now zero sales,,Protein & Frozen,Atyab,Cold Cuts,Meatland,"31700,31701,31702,31703",Hassan Elshahawy,Seif Rateb,No,10-07-2024,10-07-2024,12-05-2024,12-05-2024,59,2023 + 2024,12-06-2026,B2C,Domestic,Superiority in Core,1 Core,,,1.3,,,,,0.0,0.0,,,,,,,06-11-2025 05:50,4/23/2026 4:30 AM,Daniel Perez
Medjool 3 dates On the go Snack,On the go Medjool snack,True,True,Launched,Launched,Launched,4 Launch,,,,,Snacks,Abu Auf,Dates,Abu Auf,"6223006319486,6223006319561",Rasha Ghali,Nada Magdy,No,06-01-2025,06-01-2025,01-01-2026,01-01-2026,214,Pipeline 2026,01-02-2028,B2C,Domestic,Superiority in Core,1 Core,,0.0,0.59,,,Dont need CI studies,0.0,0.0,0.0,,,,,,,11-07-2025 02:49,4/15/2026 1:20 AM,Daniel Perez
Medjool Delights Coated dates x 2 Skus,Coated Dates Medjool 2 SKUs,True,True,Launched,Launched,Launched,4 Launch,,,,,Snacks,Abu Auf,Dates,Abu Auf,"6223006319479,6223006319462",Rasha Ghali,Nada Magdy,No,06-01-2025,06-01-2025,12-01-2025,12-01-2025,183,Pipeline 2025,12-02-2027,B2C,Domestic,Superiority in Core,1 Core,,0.08,4.15,,,Dont need CI studies,0.0,0.0,0.0,,,,,,,11-07-2025 02:53,4/15/2026 1:20 AM,Daniel Perez
Multigrain Atta,Provide healthier choies to consumers through introducing a Multigrain Atta flour made with high-quality grains sourced with high care. It enhances heath and wellness & suitable for all family members,True,False,In progress,Delayed,Amber,4 Launch,,,launch by Feb 2025 – delayed internally,,Flour & Feed,Flour,Flour,Grand Mills,,Rajeswari Gopalan,Rajeswari Gopalan,Yes,8/13/2024,8/13/2024,02-01-2026,02-01-2026,537,Pipeline 2026,02-02-2028,B2C,Domestic,Better for You / ESG,2 Adjacent,0.4,0.0,0.42,0.4,,,,1.2,4.3,Fast Track,,,,,,4/28/2025 4:01 AM,4/23/2026 11:11 PM,Daniel Perez
Mushattalt Flour,Optimized product formulation to offer a competitive product for the Tandoor channel. Launch new product with new packaging and communication.,True,True,Launched,Launched,Launched,4 Launch,,,On track,,Flour & Feed,Flour,Flour,Grand Mills,GM250305,Rajeswari Gopalan,Rajeswari Gopalan,Yes,02-04-2025,02-04-2025,4/21/2025,4/21/2025,76,Pipeline 2025,4/22/2027,B2C,Domestic,Superiority in Core,1 Core,2.8,1.3,1.53,,,,,3.6,3.6,Full Process,,,,,,4/30/2025 11:43 PM,4/14/2026 1:09 AM,Daniel Perez
Nabil - Oriental beef kufta,Retail,True,True,Launched,Launched,Launched,4 Launch,Production running,,,,Protein & Frozen,Nabil,Beef product,Nabil,FGF12501,Osama Abu Laila,Besan Al Shibi,No,10/27/2025,10/27/2025,02-04-2026,02-04-2026,100,Pipeline 2026,02-05-2028,B2C,Both,Sensory & Indulgent,1 Core,,0.0,0.1,,,Dont need CI studies,0.0,0.0,0.0,,,,,,,01-08-2026 00:41,4/23/2026 5:52 AM,Daniel Perez
Nabil baffulo chicken chunk 1 KG,Nabil baffulo chicken chunk 1 KG -FGF12412,True,True,Launched,Launched,Launched,5 Review,,,,,Protein & Frozen,Nabil,Breaded,Nabil,,Hassan Elshahawy,Alaa Abdellatif,Yes,12-04-2023,12-04-2023,10/31/2024,10/31/2024,332,2023 + 2024,11-01-2026,B2C,Both,Sensory & Indulgent,1 Core,0.1,,0.02,,,,,0.0,0.0,,,,,,,5/13/2025 9:05 AM,4/14/2026 1:10 AM,Daniel Perez
Nabil baffulo chicken chunk 750 gm,Nabil baffulo chicken chunk 750 gm - FGF12413,True,True,Launched,Launched,Launched,5 Review,,,,,Protein & Frozen,Nabil,Breaded,Nabil,FGF12413,Hassan Elshahawy,Alaa Abdellatif,Yes,12-04-2023,12-04-2023,10/31/2024,10/31/2024,332,2023 + 2024,11-01-2026,B2C,Both,Sensory & Indulgent,1 Core,0.1,,0.09,,,,,0.0,0.0,,,,,,,5/13/2025 9:05 AM,4/14/2026 1:10 AM,Daniel Perez
Nabil beef burger 80 gm - 2 Kg,Nabil beef burger 80 gm - 2 Kg - FGF12415,True,True,Launched,Launched,Launched,5 Review,,,,,Protein & Frozen,Nabil,Beef product,Nabil,FGF12415,Hassan Elshahawy,Alaa Abdellatif,Yes,9/19/2024,9/19/2024,11/19/2024,11/19/2024,61,2023 + 2024,11/20/2026,B2B,Both,Sensory & Indulgent,1 Core,,,0.08,,,,,0.0,0.0,,,,,,,05-11-2025 04:37,4/14/2026 1:10 AM,Daniel Perez
Nabil Beef Hotdog 17 CM 1 KG,Nabil Beef Hotdog 17 CM 1 KG,True,True,Launched,Launched,Launched,5 Review,,,,,Protein & Frozen,Nabil,Cold Cuts,Nabil,FGF12452,Hassan Elshahawy,Osama Abu Laila,Yes,04-08-2025,04-08-2025,5/25/2025,5/25/2025,47,Pipeline 2025,5/26/2027,B2C,Export,Sensory & Indulgent,1 Core,,,0.06,,,,,0.0,0.0,,,,,,,5/13/2025 9:05 AM,4/14/2026 1:10 AM,Daniel Perez
Nabil Chicken Breast Cubes 750 gm,Nabil Chicken Breast Cubes 750 gm - FGF12385,True,True,Launched,Launched,Launched,5 Review,,,,,Protein & Frozen,Nabil,Chicken product,Nabil,FGF12385,Hassan Elshahawy,Alaa Abdellatif,Yes,08-08-2023,08-08-2023,7/21/2024,7/21/2024,348,2023 + 2024,7/22/2026,B2C,Both,Sensory & Indulgent,1 Core,,,0.24,,,,,0.0,0.0,,,,,,,05-11-2025 04:38,4/14/2026 1:10 AM,Daniel Perez
Nabil Chicken Cordon Bleu with Jalapeno 700 gm,Nabil Chicken Cordon Bleu with Halapeno 700 gm - FGF12310,True,True,Launched,Launched,Launched,5 Review,,,"out of stock related raw material/ demand of Jalapeno range higher than forecast, especially presented new items for Food Service",,Protein & Frozen,Nabil,Breaded,Nabil,FGF12310,Hassan Elshahawy,Alaa Abdellatif,Yes,2/13/2023,2/13/2023,06-01-2024,06-01-2024,474,2023 + 2024,06-02-2026,B2C,Both,Sensory & Indulgent,1 Core,,,0.12,,,,,0.0,0.0,,,,,,,05-11-2025 04:38,4/14/2026 1:10 AM,Daniel Perez
Nabil Crispy Chicken Chunk with Jalapeno 750 gm,Nabil Crispy Chicken Chunk with Halapeno 750 gm -FGF12311,True,True,Launched,Launched,Launched,5 Review,,,,,Protein & Frozen,Nabil,Breaded,Nabil,FGF12311,Hassan Elshahawy,Alaa Abdellatif,Yes,2/13/2023,2/13/2023,06-11-2024,06-11-2024,484,2023 + 2024,06-12-2026,B2C,Both,Sensory & Indulgent,1 Core,,,0.17,,,,,0.0,0.0,,,,,,,05-11-2025 04:38,4/14/2026 1:10 AM,Daniel Perez
Nabil Crunchy Cheesy Strips 600 gm,Nabil Crunchy Cheesy Strips 600 gm-FGF12328,True,True,Launched,Launched,Launched,5 Review,,,,,Protein & Frozen,Nabil,Breaded,Nabil,FGF12328,Hassan Elshahawy,Alaa Abdellatif,Yes,2/13/2023,2/13/2023,09-01-2024,09-01-2024,566,2023 + 2024,09-02-2026,B2C,Both,Sensory & Indulgent,1 Core,,,0.03,,,,,0.0,0.0,,,,,,,05-11-2025 04:38,4/14/2026 1:10 AM,Daniel Perez
Nabil mild spicy crunchy patty 1.1 Kg,Nabil mild spicy crunchy patty 1.1 Kg - NP24-73 - FGF12420,True,True,Launched,Launched,Launched,5 Review,,,,,Protein & Frozen,Nabil,Breaded,Nabil,FGF12420,Hassan Elshahawy,Alaa Abdellatif,Yes,12-02-2024,12-02-2024,1/13/2025,1/13/2025,42,Pipeline 2025,1/14/2027,B2B,Both,Sensory & Indulgent,1 Core,,,0.28,,,,,0.0,0.0,,,,,,,05-11-2025 04:38,4/14/2026 1:10 AM,Daniel Perez
Nabil Premium Beef Frankfurter 280 gm,Nabil Premium Beef Frankfurter 280 gm,True,True,Launched,Launched,Launched,5 Review,,,"this product developed back on 2020 took around 4 months, but had been frozen until sales decided to launch it on 2023 they order the order the new raw materials when code created",,Protein & Frozen,Nabil,Cold Cuts,Nabil,FGF12318,Hassan Elshahawy,Osama Abu Laila,Yes,7/31/2023,7/31/2023,4/30/2024,4/30/2024,274,2023 + 2024,05-01-2026,B2C,Both,Sensory & Indulgent,1 Core,,,0.02,,,,,0.0,0.0,,,,,,,05-11-2025 04:39,4/14/2026 1:10 AM,Daniel Perez
Nabil sliced dry beef pepperoni cal 45 - 1 Kg,Nabil sliced dry beef pepperoni cal 45 - 1 Kg - NP24-105 - FGF12418,True,True,Launched,Launched,Launched,5 Review,,,,,Protein & Frozen,Nabil,Breaded,Nabil,FGF12418,Hassan Elshahawy,Alaa Abdellatif,Yes,8/19/2024,8/19/2024,01-09-2025,01-09-2025,143,Pipeline 2025,01-10-2027,B2B,Both,Sensory & Indulgent,1 Core,,,0.52,,,,,0.0,0.0,,,,,,,05-11-2025 04:39,4/14/2026 1:10 AM,Daniel Perez
Nabil Sliced dry beef salami cal 80 - 0.5 Kg,Nabil Sliced dry beef salami cal 80 - 0.5 Kg - FGF12419,True,True,Launched,Launched,Launched,5 Review,,,,,Protein & Frozen,Nabil,Breaded,Nabil,,Hassan Elshahawy,Osama Abu Laila,Yes,8/19/2024,8/19/2024,01-09-2025,01-09-2025,143,Pipeline 2025,01-10-2027,B2C,Domestic,Sensory & Indulgent,1 Core,,,,,,,,0.0,0.0,,,,,,,5/13/2025 9:05 AM,4/23/2026 4:31 AM,Daniel Perez
Nabil Spicy crunchy Chicken Patty 137 gm,Nabil Spicy crunchy Chicken Patty 137 gm,True,True,Launched,Launched,Launched,5 Review,,,,,Protein & Frozen,Nabil,Breaded,Nabil,FGF12372,Hassan Elshahawy,Alaa Abdellatif,Yes,5/16/2023,5/16/2023,6/30/2024,6/30/2024,411,2023 + 2024,07-01-2026,B2B,Both,Sensory & Indulgent,1 Core,,,0.51,,,,,0.0,0.0,,,,,,,05-11-2025 04:39,4/14/2026 1:10 AM,Daniel Perez
Nabil Spicy Tempura Chicken Nuggets 1 KG,Nabil Spicy Tempura Chicken Nuggets 1 KG,True,True,Launched,Launched,Launched,5 Review,,,,,Protein & Frozen,Nabil,Breaded,Nabil,,Hassan Elshahawy,Alaa Abdellatif,Yes,1/16/2024,1/16/2024,5/30/2024,5/30/2024,135,2023 + 2024,5/31/2026,B2C,Domestic,Sensory & Indulgent,1 Core,,,0.01,,,,,0.0,0.0,,,,,,,5/13/2025 9:05 AM,4/23/2026 4:31 AM,Daniel Perez
Nabil tempura chicken escalope 450 gm,Nabil tempura chicken escalope 450 gm,True,True,Launched,Launched,Launched,5 Review,,,,,Protein & Frozen,Nabil,Breaded,Nabil,FGF12410,Hassan Elshahawy,Alaa Abdellatif,Yes,08-11-2024,08-11-2024,1/29/2025,1/29/2025,171,Pipeline 2025,1/30/2027,B2C,Both,Sensory & Indulgent,1 Core,,,0.04,,,,,3.2,4.0,Full Process,,,,,,05-11-2025 04:39,4/14/2026 1:10 AM,Daniel Perez
Nabil tempura chicken escalope 900 gm,Nabil tempura chicken escalope 900 gm,True,True,Launched,Launched,Launched,5 Review,,,,,Protein & Frozen,Nabil,Breaded,Nabil,FGF12409,Hassan Elshahawy,Alaa Abdellatif,Yes,08-11-2024,08-11-2024,1/29/2025,1/29/2025,171,Pipeline 2025,1/30/2027,B2C,Both,Sensory & Indulgent,1 Core,,,0.28,,,,,3.2,4.0,Full Process,,,,,,05-11-2025 04:39,4/14/2026 1:10 AM,Daniel Perez
Nabil Tempura Spicy Chicken Burger 1 KG b,Nabil Tempura Spicy Chicken Burger 1 KG -FGF12399,True,True,Launched,Launched,Launched,5 Review,,,Same as the above product,,Protein & Frozen,Nabil,Breaded,Nabil,FGF12399,Hassan Elshahawy,Alaa Abdellatif,Yes,11/22/2023,11/22/2023,5/30/2024,5/30/2024,190,2023 + 2024,5/31/2026,B2B,Both,Sensory & Indulgent,1 Core,,,0.06,,,,,0.0,0.0,,,,,,,05-11-2025 04:39,4/14/2026 1:10 AM,Daniel Perez
Nawab Flour No.1,Optimized product formulation to offer a competitive product for the Tandoor channel. Launch new product with new packaging and communication.,True,True,Launched,Launched,Launched,4 Launch,,,On track,,Flour & Feed,Flour,Flour,Grand Mills,GM250307,Rajeswari Gopalan,Rajeswari Gopalan,Yes,10-07-2024,10-07-2024,12-02-2024,12-02-2024,56,2023 + 2024,12-03-2026,B2C,Domestic,Superiority in Core,2 Adjacent,2.2,1.14,1.01,,,,,0.0,0.0,,,,,,,4/30/2025 11:43 PM,4/14/2026 1:09 AM,Daniel Perez
New Coating (Tempura/Homestyle or Extra Crunch),"Explore new coating solutions (Tempura, Homestyle or Xtra Crunchy) and validate with consumer the best concept to go",True,False,In progress,Executing as per plan or in advance,Amber,1 Idea,Developing new routes and getting Tempura samples from Nabil for Consumer Validation in April 2026,,"Project Approved, pending Gate 2 Approval",,Protein & Frozen,Atyab,Breaded,Atyab,,Hassan Elshahawy,Renee Araujo,Yes,5/30/2025,5/30/2025,7/31/2026,7/31/2026,427,Pipeline 2026,7/31/2028,B2C,Domestic,Sensory & Indulgent,1 Core,,0.0,0.0,,,Market research,,1.5,4.8,Fast Track,,,,,,4/28/2025 4:05 AM,4/14/2026 6:03 AM,Daniel Perez
NP24-106 MC beef kufta 10:1,FGF11226,True,True,Launched,Launched,Launched,4 Launch,,,,,Protein & Frozen,Nabil,Beef product,Nabil,,Hassan Elshahawy,Alaa Abdellatif,Yes,12-09-2024,12-09-2024,1/19/2025,1/19/2025,41,Pipeline 2025,1/20/2027,B2B,Export,Sensory & Indulgent,1 Core,,,,,,,0.0,0.0,0.0,,,,,,,10-11-2025 22:16,4/14/2026 1:12 AM,Daniel Perez
NP25-13 ansari beef burger 112.5g,pure beef burger FGF12465,True,True,Launched,Launched,Launched,4 Launch,,,,,Protein & Frozen,Nabil,Beef product,Nabil,FGF12465,Hassan Elshahawy,Alaa Abdellatif,Yes,01-12-2025,01-12-2025,7/15/2025,7/15/2025,184,Pipeline 2025,7/16/2027,B2B,Both,Sensory & Indulgent,1 Core,,,0.07,,,Consumer inquiry,0.0,0.0,0.0,,,,,,,10-11-2025 05:46,4/14/2026 1:12 AM,Daniel Perez
NP25-58 hot restaurant beef burger 150g,pure burger 150g,True,True,Launched,Launched,Launched,4 Launch,,,,,Protein & Frozen,Nabil,Beef product,Nabil,FGF12474,Hassan Elshahawy,Alaa Abdellatif,No,7/27/2025,7/27/2025,01-10-2026,01-10-2026,167,Pipeline 2026,01-11-2028,B2B,Domestic,Sensory & Indulgent,1 Core,,,,,,,0.0,0.0,0.0,,,,,,,10-11-2025 22:20,4/14/2026 1:12 AM,Daniel Perez
NP25-64 swish spicy tempura chicken nugget,spicy chicken nugget coated with tempura - FGF12473,True,True,Launched,Launched,Launched,4 Launch,Launched,,,,Protein & Frozen,Nabil,Breaded,Nabil,FGF12473,Hassan Elshahawy,Alaa Abdellatif,Yes,7/23/2025,7/23/2025,10-01-2025,10-01-2025,70,Pipeline 2025,10-02-2027,B2B,Export,Sensory & Indulgent,1 Core,,,0.14,,,Dont need CI studies,0.0,0.0,0.0,,,,,,,10-11-2025 02:58,4/14/2026 1:12 AM,Daniel Perez
Nut bars x 3,Healthy Nut & dried fruit Bars- to compliment the portfolio of bars,True,True,Launched,Launched,Launched,5 Review,,,,,Snacks,Abu Auf,Snacks,Abu Auf,"6223011433504,6223011433511,6223011433528",Rasha Ghali,Nada Magdy,No,1/23/2024,1/23/2024,04-01-2024,04-01-2024,69,2023 + 2024,04-02-2026,B2C,Domestic,Superiority in Core,1 Core,,0.93,0.88,,,,,2.2,3.5,Fast Track,,,,,,05-06-2025 22:54,4/15/2026 1:20 AM,Daniel Perez
Nutritional supplements,"products added to animal diets to provide essential vitamins, minerals, amino acids, or other nutrients that may be lacking in regular feed. They help maintain health, improve growth, and enhance productivity. Will be partnering with a third party to source the products.",True,False,In progress,Delayed,Amber,4 Launch,,,,,Flour & Feed,Feed,Feed,Agrivita,,Rajeswari Gopalan,Rajeswari Gopalan,Yes,01-01-2026,01-01-2026,06-01-2026,06-01-2026,151,Pipeline 2026,06-01-2028,B2C,Domestic,Sensory & Indulgent,1 Core,,0.0,0.4,,,,0.0,0.0,0.0,,,,,,,10-08-2025 07:08,4/23/2026 11:11 PM,Daniel Perez
Pakhtoon Flour No2 Tandoori Atta,Optimized product formulation to offer competitive product for the Tandoor Channel. Launch new product with new packaging and communication,True,True,Launched,Launched,Launched,5 Review,,,On track,,Flour & Feed,Flour,Flour,Grand Mills,GM250297,Rajeswari Gopalan,Rajeswari Gopalan,Yes,5/14/2024,5/14/2024,08-01-2024,08-01-2024,79,2023 + 2024,08-02-2026,B2C,Domestic,Superiority in Core,1 Core,5.0,2.9,2.11,,,,,0.0,0.0,,,,,,,4/28/2025 4:02 AM,4/14/2026 1:08 AM,Daniel Perez
Papa Jones Grilled Chicken Strips,,True,True,Launched,Launched,Launched,5 Review,This product provided income this year but is now zero sales,,This product provided income this year but is now zero sales,,Protein & Frozen,Atyab,FPP,Atyab,11462,Hassan Elshahawy,Mohamed Nabil,No,9/13/2024,9/13/2024,6/25/2025,6/25/2025,285,Pipeline 2025,6/26/2027,B2C,Domestic,Sensory & Indulgent,1 Core,,,,,,,,0.0,0.0,,,,,,,06-11-2025 05:47,4/23/2026 4:30 AM,Daniel Perez
Party Tray,"Seasonal packaging in branded stores & beyond, via a well sealed vacumed packs to ensure freshness",True,False,In progress,Executing as per plan or in advance,Amber,2 Explore,,,,,Snacks,Abu Auf,Gifting,Abu Auf,,Rasha Ghali,Nada Magdy,No,01-01-2026,01-01-2026,07-01-2026,07-01-2026,181,Pipeline 2026,07-01-2028,B2C,Domestic,Superiority in Core,1 Core,,0.0,0.06,,,,,3.2,2.5,Evaluate with care possible a no go,,,,,,05-07-2025 23:56,4/15/2026 1:20 AM,Daniel Perez
Patent Flour All Purpose,,True,True,Launched,Launched,Launched,4 Launch,,,On Track,,Flour & Feed,Flour,Flour,Grand Mills,GM250310&GM250311&GM250314,Rajeswari Gopalan,Rajeswari Gopalan,Yes,06-11-2024,06-11-2024,9/30/2025,9/30/2025,476,Pipeline 2025,10-01-2027,B2C,Domestic,Superiority in Core,1 Core,1.6,0.38,1.3,,,,,3.6,3.6,Full Process,,,,,,4/30/2025 11:43 PM,4/14/2026 1:09 AM,Daniel Perez
Petit Gourmet Travel Retail Chocolate Bar,Jumbo 470g and 195g Travel Retail Gifting chocolate bar pistachio kunafa,True,True,Launched,Launched,Launched,5 Review,No sales reported in Mar26,,No sales reported in Mar26,,Snacks,BMB,Chocolate,Petit Gourmet,FG09339680220353,Hussein Safa,Noha El Shishiny,Yes,11-04-2024,11-04-2024,3/31/2025,3/31/2025,147,Pipeline 2025,04-01-2027,B2C,Export,Sensory & Indulgent,1 Core,3.0,1.4,1.5,,,,,1.4,4.4,Fast Track,,,,,,4/28/2025 4:21 AM,4/23/2026 4:35 AM,Daniel Perez
Pistachio & Kunafa Chocolate & Dark chooolate,Pistachio Kunafa chocolate (130gm) launch for Egyptian markets to hop on the trend,True,True,Launched,Launched,Launched,5 Review,,,,,Snacks,Abu Auf,Chocolate,Abu Auf,"6223011437816,6223011438196,6223011438363",Rasha Ghali,Nada Magdy,No,09-01-2024,09-01-2024,11-01-2024,11-01-2024,61,2023 + 2024,11-02-2026,B2C,Domestic,Sensory & Indulgent,2 Adjacent,,4.71,5.34,,,,,0.0,0.0,,,,,,,4/28/2025 4:15 AM,4/15/2026 1:20 AM,Daniel Perez
Pizza Hut - Pizza Flour,To develop costumer specific product matching to the spec of Pizza Hut,True,False,In progress,Delayed,Red,3 Develop,,,TBC,,Flour & Feed,Flour,Flour,Grand Mills,,Rajeswari Gopalan,Rajeswari Gopalan,Yes,04-08-2024,04-08-2024,01-01-2026,01-01-2026,633,Pipeline 2026,01-02-2028,B2C,Domestic,Superiority in Core,1 Core,,,,,,,,3.6,3.6,Full Process,,,,,,4/28/2025 4:01 AM,4/14/2026 6:03 AM,Daniel Perez
Plain Biscuits,"For value‑seeking snackers who want an affordable, satisfying snack with their coffee/tea",True,False,In progress,Executing as per plan or in advance,Red,1 Idea,,,,,Snacks,Abu Auf,Biscuits,Abu Auf,,Rasha Ghali,Ali Khaled,No,10-01-2025,10-01-2025,04-01-2026,04-01-2026,182,Pipeline 2026,04-01-2028,B2C,Domestic,Superiority in Core,1 Core,,0.0,5.54,,,Dont need CI studies,0.0,1.7,3.9,Fast Track,,,,,,10/16/2025 10:41 PM,4/15/2026 1:21 AM,Daniel Perez
Plain Chicken Mortadella 2.5 KG - Iraq,Plain Chicken Mortadella 2.5 KG - Iraq,True,False,On hold,On hold,On hold,5 Review,This product provided income this year but is now zero sales,,This product provided income this year but is now zero sales,,Protein & Frozen,Nabil,Cold Cuts,Nabil,,Hassan Elshahawy,Osama Abu Laila,Yes,04-08-2025,04-08-2025,6/25/2025,6/25/2025,78,Pipeline 2025,6/26/2027,B2C,Export,Sensory & Indulgent,1 Core,,,,,,,,0.0,0.0,,,,,,,5/13/2025 9:05 AM,4/22/2026 4:38 AM,Daniel Perez
Premium Baking Flour,,True,True,Launched,Launched,Launched,4 Launch,,,On track,,Flour & Feed,Flour,Flour,Grand Mills,GM250312,Rajeswari Gopalan,Rajeswari Gopalan,Yes,02-03-2025,02-03-2025,4/15/2025,4/15/2025,71,Pipeline 2025,4/16/2027,B2C,Domestic,Superiority in Core,1 Core,2.5,0.75,1.67,,,,,3.6,3.6,Full Process,,,,,,4/30/2025 11:43 PM,4/14/2026 1:09 AM,Daniel Perez
Premium Burgers,"Premium 100% Beef Meat, with around aprox 100g-150g patty in different flavors (Traditional, Jalapeno, Cheddar)",True,False,In progress,Executing as per plan or in advance,Amber,0 Concept definition,the product in 2026 pipeline,,"Project Approved, pending Gate 2 Approval",,Protein & Frozen,Atyab,FPP,Atyab,,Hassan Elshahawy,Renee Araujo,Yes,06-04-2025,06-04-2025,7/30/2026,7/30/2026,421,Pipeline 2026,7/30/2028,B2C,Domestic,Sensory & Indulgent,1 Core,,0.0,0.34,,,Dont need CI studies,0.0,1.5,4.6,Fast Track,,,,,,7/23/2025 4:29 AM,4/14/2026 6:03 AM,Daniel Perez
Premium Chunks,Nabil-Premium​ - Buffalo Chicken Chunks,True,True,Launched,Launched,Launched,4 Launch,,,,,Protein & Frozen,Nabil,Breaded,Nabil,,Hassan Elshahawy,Seif Rateb,Yes,12-04-2024,12-04-2024,12/31/2025,12/31/2025,392,Pipeline 2025,01-01-2028,B2C,Domestic,Sensory & Indulgent,1 Core,,,,,,,,1.2,4.2,Fast Track,,,,,,4/28/2025 4:05 AM,4/23/2026 4:31 AM,Daniel Perez
Premium Escalope,Nabil-Premium​ Tempura Chicken Escalope​,True,True,Launched,Launched,Launched,4 Launch,,,,,Protein & Frozen,Nabil,Breaded,Nabil,,Hassan Elshahawy,Seif Rateb,Yes,08-11-2024,08-11-2024,12/31/2025,12/31/2025,507,Pipeline 2025,01-01-2028,B2C,Domestic,Sensory & Indulgent,1 Core,,,,,,,,1.5,4.0,Fast Track,,,,,,4/28/2025 4:05 AM,4/23/2026 4:31 AM,Daniel Perez
Premium PET,Still and Sparkling Variant targeting food service channel,True,False,In progress,Executing as per plan or in advance,Launched,0 Concept definition,,,This at concept stage,,CBD,Water,Water,Al Ain,,Omar Abbasi,Jibran Arshad,Yes,12/23/2025,12/23/2025,12-01-2026,12-01-2026,343,Pipeline 2026,12-01-2028,B2C,Domestic,Superiority in Core,1 Core,,0.0,0.0,,,,0.0,0.0,0.0,,,,,,,1/14/2026 11:19 PM,4/23/2026 11:09 PM,Daniel Perez
Protein Flour,"Introduce a plant based protein flour to capitalize on the demand for plant based protein trends among consumers. Compared to regular flour, the protein flour provides more protein, essential amino acids, less carbs with clear non-GMO, sustainable label. It provides a highly delicious and convenient way to eat protein",True,False,In progress,Executing as per plan or in advance,Green,1 Idea,,,TBC,,Flour & Feed,Flour,Flour,Grand Mills,,Rajeswari Gopalan,Rajeswari Gopalan,Yes,07-09-2024,07-09-2024,12/31/2026,12/31/2026,905,Pipeline 2026,12/31/2028,B2C,Domestic,Better for You / ESG,2 Adjacent,,,,,,,,3.6,3.6,Full Process,,,,,,4/28/2025 4:01 AM,4/23/2026 11:11 PM,Daniel Perez
Puffs Range Non Protein Veggie Range,New range of puffs without protein to hit a lower pricepoint for lower trade,True,True,Launched,Launched,Launched,5 Review,,,,,Snacks,Abu Auf,Munchies,Abu Auf,"6223011438011,6223011438028,6223011438035",Rasha Ghali,Nada Magdy,No,09-01-2023,09-01-2023,01-01-2025,01-01-2025,488,Pipeline 2025,01-02-2027,B2C,Domestic,Superiority in Core,1 Core,,0.98,0.92,,,,,0.0,0.0,,,,,,,05-06-2025 22:54,4/15/2026 1:20 AM,Daniel Perez
Pvt Label Chocolate Bars (Pistachino),pistachino pistachio kunafa bars for costco and uk,True,True,Launched,Launched,Launched,5 Review,No sales reported in Mar26,,No sales reported in Mar26,,Snacks,BMB,Chocolate,Private Label,"FG03058077000141,FG03058077000140",Hussein Safa,Noha El Shishiny,Yes,03-01-2025,03-01-2025,9/30/2025,9/30/2025,213,Pipeline 2025,10-01-2027,B2C,Domestic,Sensory & Indulgent,1 Core,18.1,4.2,9.1,,,Dont need CI studies,0.0,0.0,0.0,,,,,,,9/25/2025 11:25 PM,4/17/2026 4:50 AM,Siddharth Matripragada
Pvt Label Dunkin KSA Impulse Range,"Impulse Items for Dunkin Donuts KSA Range - pecan cheesecake dragee, rice krispy salted caramel chocolate donuts, coffee squares chocolate",True,True,Launched,Launched,Launched,5 Review,No sales reported for Mar26,,No sales reported for Mar26,,Snacks,BMB,Choco Snacks,Private Label,"FG03058077000080,FG03058077000081,FG03058077000082",Hussein Safa,Noha El Shishiny,Yes,03-03-2025,03-03-2025,7/31/2025,7/31/2025,150,Pipeline 2025,08-01-2027,B2C,Export,Sensory & Indulgent,1 Core,2.0,0.8,1.2,,,,,0.0,0.0,,,,,,,6/18/2025 1:21 AM,4/23/2026 4:36 AM,Daniel Perez
Pvt Label Nuts Filled Dates (Aldi),Private Labeling for Aldi the Freakin Wholesome Range of nut filled dates,True,True,Launched,Launched,Launched,4 Launch,,,Launched,,Snacks,BMB,Dates,Private Label,"HB09339650220297,HB09339650220298",Hussein Safa,Noha El Shishiny,Yes,07-01-2025,07-01-2025,02-01-2026,02-01-2026,215,Pipeline 2026,02-02-2028,B2C,Domestic,Better for You / ESG,2 Adjacent,2.0,,0.68,,,Dont need CI studies,0.0,1.0,3.9,Fast Track,,,,,,8/28/2025 11:43 PM,4/23/2026 5:46 AM,Daniel Perez
Pvt Label Starbucks Impulse Range,Range of impulse for Starbucks- Chocolate bars and dragee,True,True,Launched,Launched,Launched,4 Launch,,,,,Snacks,BMB,Chocolate,Private Label,"FG09059051000134,FG09059051000132,FG09059051000133,FG03053055000320,FG03053055000708,FG09339681022035,FG09339680220342,FG09059051000058,FG03058077000078,FG030510510005102",Hussein Safa,Noha El Shishiny,Yes,01-01-2025,01-01-2025,4/30/2025,4/30/2025,119,Pipeline 2025,05-01-2027,B2C,Domestic,Sensory & Indulgent,1 Core,4.9,4.86,8.97,,,Dont need CI studies,0.0,0.0,0.0,,,,,,,9/26/2025 12:11 AM,4/17/2026 4:54 AM,Siddharth Matripragada
Qaysar - Chicken strips with lemon and pepper,FGF12502,True,True,Launched,Launched,Launched,4 Launch,To prepare new sample following the customer comments,,,,Protein & Frozen,Nabil,Chicken product,QSR Private Label Key Account,FGF12502,Osama Abu Laila,Besan Al Shibi,Yes,11/13/2025,11/13/2025,3/19/2026,3/19/2026,126,Pipeline 2026,3/19/2028,B2B,Domestic,Sensory & Indulgent,1 Core,,0.0,,,,Dont need CI studies,0.0,0.0,0.0,,,,,,,01-08-2026 00:53,4/23/2026 5:47 AM,Daniel Perez
Returnable Glass Bottle,Food service channel sustainability,True,False,In progress,Executing as per plan or in advance,Launched,0 Concept definition,,,This at concept stage,,CBD,Water,Water,Al Ain,,Omar Abbasi,Jibran Arshad,Yes,10/23/2025,10/23/2025,12/14/2026,12/14/2026,417,Pipeline 2026,12/14/2028,B2C,Domestic,Superiority in Core,1 Core,,0.0,0.0,,,,0.0,0.0,0.0,,,,,,,1/14/2026 11:22 PM,4/23/2026 11:09 PM,Daniel Perez
Rolled Wafer,Rolled Wafer,True,False,In progress,Executing as per plan or in advance,Red,0 Concept definition,,,,,Snacks,Abu Auf,Biscuits,Abu Auf,,Rasha Ghali,Nada Magdy,No,11-01-2025,11-01-2025,04-01-2026,04-01-2026,151,Pipeline 2026,04-01-2028,B2C,Domestic,Superiority in Core,1 Core,,0.0,0.99,,,Dont need CI studies,0.0,0.0,0.0,,,,,,,01-08-2026 21:21,4/15/2026 1:20 AM,Daniel Perez
Sahara Delights New indivudal consumption pack x 3 (exisiting range),"NEW- On the go smaller packs for convenience - dark choco dates- plain choco dates, choco with almond dates",True,True,Launched,Launched,Launched,5 Review,,,,,Snacks,Abu Auf,Dates,Abu Auf,"6223011438301,6223011438318,6223011438325",Rasha Ghali,Nada Magdy,No,10-01-2024,10-01-2024,05-01-2025,05-01-2025,212,Pipeline 2025,05-02-2027,B2C,Domestic,Middle Eastern Twist,1 Core,,0.11,0.34,,,,,2.0,3.3,Fast Track,,,,,,4/28/2025 4:15 AM,4/15/2026 1:20 AM,Daniel Perez
Sahara Delights X dark Choco dates,New flavor addition - dark chocolate,True,True,Launched,Launched,Launched,5 Review,,,,,Snacks,Abu Auf,Dates,Abu Auf,6.22301E+12,Rasha Ghali,Nada Magdy,No,08-01-2024,08-01-2024,02-01-2025,02-01-2025,184,Pipeline 2025,02-02-2027,B2C,Domestic,Sensory & Indulgent,1 Core,,3.4,3.48,,,,,0.0,0.0,,,,,,,4/28/2025 4:15 AM,4/15/2026 1:20 AM,Daniel Perez
Savory Popcorn range,Continue growing savory munching range,True,True,Launched,Launched,Launched,5 Review,,,,,Snacks,Abu Auf,Snacks,Abu Auf,"6223011434525,6223011434532,6223011434815",Rasha Ghali,Nada Magdy,No,01-01-2024,01-01-2024,06-01-2024,06-01-2024,152,2023 + 2024,06-02-2026,B2C,Domestic,Superiority in Core,1 Core,,0.51,0.46,,,,,0.0,0.0,,,,,,,4/28/2025 4:15 AM,4/15/2026 1:20 AM,Daniel Perez
Sheikh Al Shawarma Fully Cooked Beef Shawarma,Restructure cooked beef meat with shawarma seasoning,True,False,In progress,Delayed,Red,0 Concept definition,,,,,Protein & Frozen,Nabil,Cold Cuts,QSR Private Label Key Account,,Hassan Elshahawy,Osama Abu Laila,No,07-07-2025,07-07-2025,01-07-2026,01-07-2026,184,Pipeline 2026,01-08-2028,B2B,Export,Superiority in Core,1 Core,,0.0,,,,Dont need CI studies,0.0,0.0,0.0,,,,,,,08-12-2025 06:47,4/14/2026 6:03 AM,Daniel Perez
Sheikh Al Shawarma Fully Cooked Chicken Shawarma,Restructure cooked chicken meat with shawarma seasoning,True,False,In progress,Delayed,Red,0 Concept definition,,,,,Protein & Frozen,Nabil,Cold Cuts,QSR Private Label Key Account,,Hassan Elshahawy,Osama Abu Laila,No,07-07-2025,07-07-2025,01-07-2026,01-07-2026,184,Pipeline 2026,01-08-2028,B2B,Export,Superiority in Core,1 Core,,0.0,,,,Dont need CI studies,0.0,0.0,0.0,,,,,,,08-12-2025 06:49,4/14/2026 6:03 AM,Daniel Perez
Simply BKLVA - Costco Dubai Chocolate Domes,Costco Chocolate Domes Pistachio Kuanafa,True,True,Launched,Launched,Launched,5 Review,,,,,Snacks,BMB,Chocolate,Simply BKLVA,FG03058077000103,Hussein Safa,Noha El Shishiny,Yes,01-01-2025,01-01-2025,9/30/2025,9/30/2025,272,Pipeline 2025,10-01-2027,B2C,Domestic,Sensory & Indulgent,1 Core,129.0,20.0,22.0,,,Dont need CI studies,0.0,0.0,0.0,,,,,,,9/25/2025 11:23 PM,4/14/2026 1:11 AM,Daniel Perez
Simply BKLVA Dubai Chocolate (Sprouts),Pistachio kunafa and cookie butter kunafa domes,True,True,Launched,Launched,Launched,4 Launch,No sales reported in Mar26,,No sales reported in Mar26,,Snacks,BMB,Chocolate,Private Label,"FG03058077000132,FG03058077000133",Mohamad Ajami,Noha El Shishiny,Yes,03-03-2025,03-03-2025,10/31/2025,10/31/2025,242,Pipeline 2025,11-01-2027,B2C,Domestic,Sensory & Indulgent,1 Core,0.3,0.25,,,,,,2.2,3.6,Fast Track,,,,,,6/18/2025 1:30 AM,4/23/2026 4:36 AM,Daniel Perez
Subway Beef pepperoni - Fully cooked,Backup recipe - Contingency,True,True,Launched,Launched,Launched,4 Launch,,,Alternative in-house recipe due to contingency order and out of stock seasoning - evaluated now samples as optimization solution in which will benefit Subway and Nabil from it,,Protein & Frozen,Nabil,Beef product,Nabil,FGF10045,Hassan Elshahawy,Osama Abu Laila,Yes,12/31/2024,12/31/2024,2/20/2025,2/20/2025,51,Pipeline 2025,2/21/2027,B2B,Both,Sensory & Indulgent,1 Core,,,,,,Dont need CI studies,0.0,0.0,0.0,,,,,,,08-11-2025 06:26,4/14/2026 1:11 AM,Daniel Perez
Subway Cooked Grilled Chicken Breast Patty,In-house alternative seasoning mix (Contingency) FGF10367,True,True,Launched,Launched,Launched,4 Launch,,,Alternative in-house recipe due to created to overcome delay in delivery the related seasoning order,,Protein & Frozen,Nabil,Chicken product,Nabil,FGF10367,Hassan Elshahawy,Osama Abu Laila,Yes,6/16/2025,6/16/2025,8/14/2025,8/14/2025,59,Pipeline 2025,8/15/2027,B2B,Both,Sensory & Indulgent,1 Core,,,1.72,,,Dont need CI studies,0.0,0.0,0.0,,,,,,,8/16/2025 1:52 AM,4/14/2026 1:11 AM,Daniel Perez
Sweet Popcorn,Sweet new flavours x 4,True,True,Launched,Launched,Launched,4 Launch,,,,,Snacks,Abu Auf,Snacks,Abu Auf,,Rasha Ghali,Nada Magdy,No,09-01-2025,09-01-2025,03-01-2026,03-01-2026,181,Pipeline 2026,03-01-2028,B2C,Domestic,Superiority in Core,1 Core,,0.0,1.22,,,Dont need CI studies,0.0,0.0,0.0,,,,,,,11-07-2025 03:08,4/23/2026 5:47 AM,Daniel Perez
Tortilla Flour,Develop a specialized Tortilla flour to meet the requirements of industrial totilla producers in the UAE.,True,True,Launched,Launched,Launched,4 Launch,,,TBC,,Flour & Feed,Flour,Flour,Grand Mills,GM250323,Rajeswari Gopalan,Rajeswari Gopalan,Yes,03-03-2025,03-03-2025,01-01-2026,01-01-2026,304,Pipeline 2026,01-02-2028,B2C,Domestic,Superiority in Core,1 Core,0.7,0.1,0.6,0.6,,,,3.6,3.6,Full Process,,,,,,4/30/2025 11:43 PM,4/14/2026 1:09 AM,Daniel Perez
Truffles chocolate,Truffles chocolate,True,False,On hold,On hold,On hold,0 Concept definition,,,,,Snacks,Abu Auf,Chocolate,Abu Auf,,Rasha Ghali,Nada Magdy,No,04-01-2026,04-01-2026,4/30/2026,4/30/2026,29,Pipeline 2026,4/30/2028,B2C,Domestic,Superiority in Core,1 Core,,0.0,0.22,,,Dont need CI studies,0.0,0.0,0.0,,,,,,,01-08-2026 21:30,4/15/2026 1:21 AM,Daniel Perez
Vaccines,"Vaccines help prevent illness, reduce the severity of infections, and improve overall herd or flock health. Will be partnering with a third party to source the products.",True,False,In progress,Executing as per plan or in advance,Green,0 Concept definition,,,,,Flour & Feed,Feed,Feed,Agrivita,,Rajeswari Gopalan,Rajeswari Gopalan,Yes,01-01-2026,01-01-2026,06-01-2026,06-01-2026,151,Pipeline 2026,06-01-2028,B2C,Domestic,Sensory & Indulgent,1 Core,,0.0,3.0,,,,0.0,0.0,0.0,,,,,,,10-08-2025 07:06,4/23/2026 11:11 PM,Daniel Perez
Wadi 3 dates On the go Snack,On the go Wadi snack,True,True,Launched,Launched,Launched,4 Launch,,,,,Snacks,Abu Auf,Dates,Abu Auf,6.22301E+12,Rasha Ghali,Nada Magdy,No,07-01-2025,07-01-2025,01-01-2026,01-01-2026,184,Pipeline 2026,01-02-2028,B2C,Domestic,Superiority in Core,1 Core,,0.0,0.36,,,Dont need CI studies,0.0,0.0,0.0,,,,,,,11-07-2025 02:51,4/15/2026 1:21 AM,Daniel Perez
Zadina Bulk Chocolate,Bulk chocolate,True,True,Launched,Launched,Launched,4 Launch,Launched before Ramadan,,,,Snacks,Al Foah,Chocolate,Zadina,"FG09339680220401,FG09339680220402,FG09339680220403,FG09339680220404,FG09339680220405,FG09339680220406,FG09339680220407",alain khaled,Noha El Shishiny,No,10-01-2025,10-01-2025,02-01-2026,02-01-2026,123,Pipeline 2026,02-02-2028,B2C,Domestic,Sensory & Indulgent,1 Core,,0.0,0.81,,,Dont need CI studies,0.0,0.0,0.0,,,,,,,03-09-2026 07:01,4/23/2026 6:05 AM,Daniel Perez
Zadina Choco Dates,A range of date sweetened choco dates for the retail shops,True,True,Launched,Launched,Launched,4 Launch,Launched before Ramadan,,,,Snacks,Al Foah,Dates,Zadina,"FG09339681022149,FG09339681022150,FG09339681022151,FG09339681022152,FG09339681022153,FG09339681022154,FG09339681022155,FG09339681022156",alain khaled,Noha El Shishiny,Yes,03-03-2025,03-03-2025,1/31/2026,02-02-2026,336,Pipeline 2026,02-03-2028,B2C,Domestic,Sensory & Indulgent,1 Core,0.0,0.0,0.12,,,,,1.0,4.7,Fast Track,,,,,,06-04-2025 05:15,4/23/2026 4:38 AM,Daniel Perez
Zadina Dragees,"Date sweetened pecan, almond and goji berry date sweetened chocolate",True,False,In progress,Executing as per plan or in advance,Green,0 Concept definition,Product is ready. Awaiting Commercials inputs for launch,,,,Snacks,Al Foah,Nuts,Zadina,,alain khaled,Josephine Chidiac,Yes,04-01-2026,04-01-2026,09-01-2026,09-01-2026,153,Pipeline 2026,09-01-2028,B2C,Domestic,Better for You / ESG,2 Adjacent,0.4,0.0,0.6,,,Dont need CI studies,0.0,1.9,3.2,Fast Track,,,,,,08-06-2025 03:09,4/23/2026 4:38 AM,Daniel Perez
Zadina Dubai Chocolate Date Halwa DDF,Dubai Chocolate Date Halwa DDF,True,False,In progress,Delayed,Red,0,At risk due to current geopolitical situation. Travel retail is moving slow,,,,Snacks,Al Foah,Chocolate,Zadina,,alain khaled,Noha El Shishiny,Yes,10-01-2025,10-01-2025,03-01-2026,8/31/2026,334,Pipeline 2026,8/31/2028,B2C,Domestic,Sensory & Indulgent,1 Core,,0.0,0.18,,,,0.0,0.0,0.0,,,,,,,03-09-2026 07:07,4/23/2026 4:38 AM,Daniel Perez
Zadina Filled Dates Local Flavors,Assorted stuffed dates. Include: 1. Pecan cinnamon 2. Cashew zaatar 3. Cashew pomegranate tea 4. Chili almond 5. Pistachio cardamon,True,False,In progress,Executing as per plan or in advance,Green,0 Concept definition,Awaiting sensory tasting feedback,,,,Snacks,Al Foah,Dates,Zadina,,alain khaled,Josephine Chidiac,Yes,01-01-2025,01-01-2025,03-01-2026,8/31/2026,607,Pipeline 2026,8/31/2028,B2C,Domestic,Middle Eastern Twist,1 Core,0.6,0.0,0.0,,,Dont need CI studies,0.0,1.5,4.0,Fast Track,,,,,,08-07-2025 01:10,4/23/2026 4:38 AM,Daniel Perez
Zadina Kunafa Festive 190gm bars,Range of five new flavors Kunafa date sweetened chocolate bars,True,True,Launched,Launched,Launched,4 Launch,No sales reported in Feb26,,No sales reported in Feb26,,Snacks,Al Foah,Chocolate,Zadina,"FG03058077000093,FG03058077000094,FG03058077000097,FG03058077000098,FG03058077000096,FG03058077000095",alain khaled,Noha El Shishiny,Yes,05-05-2025,05-05-2025,7/31/2025,7/31/2025,87,Pipeline 2025,08-01-2027,B2C,Domestic,Sensory & Indulgent,2 Adjacent,1.1,0.2,0.5,,,,,1.0,4.2,Fast Track,,,,,,06-04-2025 00:10,4/23/2026 4:38 AM,Daniel Perez
Zadina Ramadan Range,"Ramadan Range: date sweetened as a pilot test assorted boxes: dates filled with pistachio kunafa and biscuit rolls pistachio kunafa, and chocolate bars",True,True,Launched,Launched,Launched,5 Review,,,,,Snacks,Al Foah,Chocolate,Zadina,"FG09339680220420,FG09339680220421,FG09339680220422",alain khaled,Noha El Shishiny,Yes,01-06-2025,01-06-2025,3/31/2025,3/31/2025,84,Pipeline 2025,04-01-2027,B2C,Domestic,Festive & Special (LTO),2 Adjacent,0.2,0.18,,,,,,1.4,4.5,Fast Track,,,,,,4/30/2025 11:44 PM,4/23/2026 4:38 AM,Daniel Perez
Zadina Travel Retail Chocolate Bars,Jumbo 470g and 195g travel retail gifting chocolate bar pistachio kunafa only sweetned with dates,True,True,Launched,Launched,Launched,5 Review,No sales reported in Feb26,,No sales reported in Mar26,,Snacks,Al Foah,Chocolate,Zadina,"FG09339680220418,FG09339680220419,FG03058077000065",alain khaled,Noha El Shishiny,Yes,02-04-2025,02-04-2025,3/31/2025,3/31/2025,55,Pipeline 2025,04-01-2027,B2C,Domestic,Sensory & Indulgent,2 Adjacent,5.0,2.2,2.5,,,,,1.4,4.4,Fast Track,,,,,,4/30/2025 11:44 PM,4/23/2026 4:38 AM,Daniel Perez
Zadina Truffles,Zadina date sweetened truffles for retail shop,True,True,Launched,Launched,Launched,4 Launch,,,,,Snacks,Al Foah,Chocolate,Zadina,"FG09339681022143,FG09339681022144,FG09339681022145,FG09339681022146,FG09339681022147,FG09339681022148",alain khaled,Noha El Shishiny,Yes,03-03-2025,03-03-2025,02-01-2026,02-01-2026,335,Pipeline 2026,02-02-2028,B2C,Domestic,Sensory & Indulgent,2 Adjacent,0.5,0.0,0.5,,,,,1.4,4.3,Fast Track,,,/:b:/s/pwa/growthlabpmo/EWhQgJoUneBMlSO1X0LztjIBRJe4A0rNlQ2xCOTcQDKkcw?e=R07sxN,,,06-04-2025 05:13,4/23/2026 5:46 AM,Daniel Perez
